6.33E+00,6.14E+00,3.83E+00,D:\PhD-data\new-samples-t0\Tarcutta_DryA_20220508T020000+1000_REC_5294.965_5299.465.mp3,BIRDS
9.22E+00,7.02E+00,3.53E+00,D:\PhD-data\new-samples-t0\Tarcutta_DryA_20220508T040000+1000_REC_1599.319_1603.819.mp3,INSECTS
5.76E+00,9.80E+00,3.29E+00,D:\PhD-data\new-samples-t0\Tarcutta_DryA_20220508T060000+1000_REC_2588.008_2592.508.mp3,INSECTS
6.75E+00,4.05E+00,5.35E+00,D:\PhD-data\new-samples-t0\Tarcutta_DryA_20220508T100000+1000_REC_2513.616_2518.116.mp3,INSECTS
6.56E+00,6.41E+00,3.97E+00,D:\PhD-data\new-samples-t0\Tarcutta_DryA_20220508T120000+1000_REC_2871.091_2875.591.mp3,BIRDS
7.65E+00,9.06E+00,4.19E+00,D:\PhD-data\new-samples-t0\Tarcutta_DryA_20220508T200000+1000_REC_3191.278_3195.778.mp3,INSECTS
9.02E+00,7.27E+00,3.30E+00,D:\PhD-data\new-samples-t0\Tarcutta_DryA_20220509T000000+1000_REC_6671.739_6676.239.mp3,INSECTS
8.91E+00,6.93E+00,3.42E+00,D:\PhD-data\new-samples-t0\Tarcutta_DryA_20220509T020000+1000_REC_3348.833_3353.333.mp3,INSECTS
8.87E+00,8.03E+00,5.29E+00,D:\PhD-data\new-samples-t0\Tarcutta_DryA_20220509T080000+1000_REC_5066.658_5071.158.mp3,BIRDS
5.83E+00,2.58E+00,6.49E+00,D:\PhD-data\new-samples-t0\Tarcutta_DryA_20220509T100000+1000_REC_6966.02_6970.52.mp3,BIRDS
6.44E+00,9.24E+00,3.41E+00,D:\PhD-data\new-samples-t0\Tarcutta_DryA_20220509T120000+1000_REC_1960.907_1965.407.mp3,INSECTS
6.99E+00,6.28E+00,4.22E+00,D:\PhD-data\new-samples-t0\Tarcutta_DryA_20220509T160000+1000_REC_2064.182_2068.682.mp3,BACKGROUNDSILENCE
9.83E+00,7.00E+00,3.62E+00,D:\PhD-data\new-samples-t0\Tarcutta_DryA_20220509T180000+1000_REC_6355.021_6359.521.mp3,BACKGROUNDSILENCE
1.01E+01,7.03E+00,3.64E+00,D:\PhD-data\new-samples-t0\Tarcutta_DryA_20220510T000000+1000_REC_393.652_398.152.mp3,BIRDS
1.05E+01,6.15E+00,4.76E+00,D:\PhD-data\new-samples-t0\Tarcutta_DryA_20220510T140000+1000_REC_234.682_239.182.mp3,HUMANSPEECH
1.03E+01,6.78E+00,4.80E+00,D:\PhD-data\new-samples-t0\Tarcutta_DryA_20220510T160000+1000_REC_2541.448_2545.948.mp3,BIRDS
1.29E+01,7.55E+00,6.32E+00,D:\PhD-data\new-samples-t0\Tarcutta_DryA_20220510T200000+1000_REC_558.164_562.664.mp3,BACKGROUNDSILENCE
1.01E+01,6.98E+00,3.65E+00,D:\PhD-data\new-samples-t0\Tarcutta_DryA_20220511T000000+1000_REC_2188.686_2193.186.mp3,BACKGROUNDSILENCE
9.79E+00,7.00E+00,3.58E+00,D:\PhD-data\new-samples-t0\Tarcutta_DryA_20220511T020000+1000_REC_5584.508_5589.008.mp3,FROGS
6.05E+00,5.67E+00,3.90E+00,D:\PhD-data\new-samples-t0\Tarcutta_DryA_20220511T060000+1000_REC_6910.07_6914.57.mp3,BIRDS
1.04E+01,6.62E+00,4.81E+00,D:\PhD-data\new-samples-t0\Tarcutta_DryA_20220511T080000+1000_REC_389.37_393.87.mp3,BIRDS
1.04E+01,6.67E+00,4.80E+00,D:\PhD-data\new-samples-t0\Tarcutta_DryA_20220511T120000+1000_REC_2317.093_2321.593.mp3,VEHICULARAIRCRAFTCARS
1.25E+01,7.34E+00,6.76E+00,D:\PhD-data\new-samples-t0\Tarcutta_DryA_20220511T200000+1000_REC_5133.791_5138.291.mp3,BIRDS
1.26E+01,7.46E+00,6.46E+00,D:\PhD-data\new-samples-t0\Tarcutta_DryA_20220511T220000+1000_REC_6690.274_6694.774.mp3,MISCELLANEOUSUNCERTAIN
6.67E-01,3.66E+00,4.81E+00,D:\PhD-data\new-samples-t0\Tarcutta_DryA_20220512T020000+1000_REC_5338.815_5343.315.mp3,BACKGROUNDSILENCE
1.25E+01,7.42E+00,6.57E+00,D:\PhD-data\new-samples-t0\Tarcutta_DryA_20220512T080000+1000_REC_5282.171_5286.671.mp3,BACKGROUNDSILENCE
1.30E+01,7.51E+00,6.38E+00,D:\PhD-data\new-samples-t0\Tarcutta_DryA_20220512T100000+1000_REC_3272.321_3276.821.mp3,BIRDS
1.01E+01,6.15E+00,5.46E+00,D:\PhD-data\new-samples-t0\Tarcutta_DryA_20220512T140000+1000_REC_2362.86_2367.36.mp3,WINDSTRONG
4.40E+00,4.73E+00,3.13E+00,D:\PhD-data\new-samples-t0\Tarcutta_DryA_20220512T160000+1000_REC_1794.444_1798.944.mp3,BACKGROUNDSILENCE
8.73E-01,3.15E+00,4.45E+00,D:\PhD-data\new-samples-t0\Tarcutta_DryA_20220512T180000+1000_REC_5943.648_5948.148.mp3,BACKGROUNDSILENCE
9.34E-01,2.92E+00,4.30E+00,D:\PhD-data\new-samples-t0\Tarcutta_DryA_20220512T220000+1000_REC_8.556_13.056.mp3,BACKGROUNDSILENCE
9.87E-01,2.83E+00,4.23E+00,D:\PhD-data\new-samples-t0\Tarcutta_DryA_20220513T020000+1000_REC_879.729_884.229.mp3,BACKGROUNDSILENCE
9.59E-01,2.85E+00,4.25E+00,D:\PhD-data\new-samples-t0\Tarcutta_DryA_20220513T040000+1000_REC_1852.08_1856.58.mp3,FROGS
4.40E+00,4.69E+00,3.13E+00,D:\PhD-data\new-samples-t0\Tarcutta_DryA_20220513T080000+1000_REC_1864.563_1869.063.mp3,WINDSTRONG
7.29E+00,6.60E+00,3.79E+00,D:\PhD-data\new-samples-t0\Tarcutta_DryA_20220513T120000+1000_REC_7160.545_7165.045.mp3,WINDLIGHT
9.57E+00,7.00E+00,3.56E+00,D:\PhD-data\new-samples-t0\Tarcutta_DryA_20220513T220000+1000_REC_5308.745_5313.245.mp3,RAINLIGHT
8.30E+00,9.44E+00,3.86E+00,D:\PhD-data\new-samples-t0\Tarcutta_DryA_20220514T000000+1000_REC_5511.263_5515.763.mp3,WINDLIGHT
6.73E+00,6.45E+00,4.23E+00,D:\PhD-data\new-samples-t0\Tarcutta_DryA_20220514T060000+1000_REC_5951.506_5956.006.mp3,WINDLIGHT
7.25E+00,9.35E+00,3.79E+00,D:\PhD-data\new-samples-t0\Tarcutta_DryA_20220514T160000+1000_REC_6613.216_6617.716.mp3,RAINHEAVY
9.02E+00,7.03E+00,3.42E+00,D:\PhD-data\new-samples-t0\Tarcutta_DryA_20220515T000000+1000_REC_1873.672_1878.172.mp3,RAINLIGHT
6.36E-01,3.70E+00,4.79E+00,D:\PhD-data\new-samples-t0\Tarcutta_DryA_20220515T040000+1000_REC_1613.482_1617.982.mp3,RAINLIGHT
5.79E+00,9.88E+00,3.42E+00,D:\PhD-data\new-samples-t0\Tarcutta_DryA_20221122T020000+1000_REC_3414.159_3418.659.mp3,RAINLIGHT
7.36E+00,7.08E+00,3.60E+00,D:\PhD-data\new-samples-t0\Tarcutta_DryA_20221122T100000+1000_REC_4441.811_4446.311.mp3,RAINLIGHT
6.74E+00,9.69E+00,3.58E+00,D:\PhD-data\new-samples-t0\Tarcutta_DryA_20221123T000000+1000_REC_6559.442_6563.942.mp3,RAINLIGHT
8.28E-01,6.11E+00,3.79E+00,D:\PhD-data\new-samples-t0\Tarcutta_DryA_20221123T120000+1000_REC_1946.021_1950.521.mp3,RAINLIGHT
6.73E+00,6.60E+00,2.50E+00,D:\PhD-data\new-samples-t0\Tarcutta_DryA_20221123T140000+1000_REC_3425.025_3429.525.mp3,BIRDS
9.98E-01,6.27E+00,3.62E+00,D:\PhD-data\new-samples-t0\Tarcutta_DryA_20221123T160000+1000_REC_5595.441_5599.941.mp3,BACKGROUNDSILENCE
5.91E+00,9.99E+00,3.36E+00,D:\PhD-data\new-samples-t0\Tarcutta_DryA_20221123T180000+1000_REC_6326.566_6331.066.mp3,BACKGROUNDSILENCE
5.96E+00,8.98E+00,3.06E+00,D:\PhD-data\new-samples-t0\Tarcutta_DryA_20221124T180000+1000_REC_170.392_174.892.mp3,BIRDS
6.62E+00,9.90E+00,3.54E+00,D:\PhD-data\new-samples-t0\Tarcutta_DryA_20221125T000000+1000_REC_1248.404_1252.904.mp3,BACKGROUNDSILENCE
8.46E-01,6.30E+00,3.57E+00,D:\PhD-data\new-samples-t0\Tarcutta_DryA_20221125T120000+1000_REC_253.087_257.587.mp3,BACKGROUNDSILENCE
5.01E+00,6.11E+00,2.97E+00,D:\PhD-data\new-samples-t0\Tarcutta_DryA_20221125T140000+1000_REC_5350.745_5355.245.mp3,RAINLIGHT
9.08E-01,6.29E+00,3.69E+00,D:\PhD-data\new-samples-t0\Tarcutta_DryA_20221125T160000+1000_REC_4605.578_4610.078.mp3,BACKGROUNDSILENCE
7.96E+00,8.09E+00,4.50E+00,D:\PhD-data\new-samples-t0\Tarcutta_DryA_20221126T040000+1000_REC_5599.838_5604.338.mp3,BACKGROUNDSILENCE
6.66E+00,6.40E+00,4.20E+00,D:\PhD-data\new-samples-t0\Tarcutta_DryA_20221126T060000+1000_REC_3759.842_3764.342.mp3,BACKGROUNDSILENCE
2.69E+00,6.97E+00,2.77E+00,D:\PhD-data\new-samples-t0\Tarcutta_DryA_20221126T100000+1000_REC_1188.324_1192.824.mp3,BIRDS
4.50E+00,6.33E+00,2.81E+00,D:\PhD-data\new-samples-t0\Tarcutta_DryA_20221126T120000+1000_REC_1783.266_1787.766.mp3,BIRDS
3.60E+00,6.38E+00,2.91E+00,D:\PhD-data\new-samples-t0\Tarcutta_DryA_20221126T180000+1000_REC_6460.669_6465.169.mp3,BACKGROUNDSILENCE
5.37E+00,8.51E+00,2.42E+00,D:\PhD-data\new-samples-t0\Tarcutta_DryA_20221127T040000+1000_REC_6197.474_6201.974.mp3,BIRDS
4.65E+00,6.27E+00,2.87E+00,D:\PhD-data\new-samples-t0\Tarcutta_DryA_20221127T060000+1000_REC_6481.166_6485.666.mp3,BIRDS
6.77E+00,6.72E+00,2.44E+00,D:\PhD-data\new-samples-t0\Tarcutta_DryA_20221127T080000+1000_REC_587.812_592.312.mp3,MISCELLANEOUSUNCERTAIN
6.00E+00,8.68E+00,3.12E+00,D:\PhD-data\new-samples-t0\Tarcutta_DryA_20221127T180000+1000_REC_5445.858_5450.358.mp3,BIRDS
6.58E+00,9.68E+00,3.48E+00,D:\PhD-data\new-samples-t0\Tarcutta_DryA_20221127T200000+1000_REC_2346.895_2351.395.mp3,BACKGROUNDSILENCE
5.83E+00,9.92E+00,3.44E+00,D:\PhD-data\new-samples-t0\Tarcutta_DryA_20221128T000000+1000_REC_2068.376_2072.876.mp3,BACKGROUNDSILENCE
7.01E+00,8.30E+00,3.53E+00,D:\PhD-data\new-samples-t0\Tarcutta_DryA_20221128T020000+1000_REC_4695.923_4700.423.mp3,BIRDS
8.85E+00,8.12E+00,5.16E+00,D:\PhD-data\new-samples-t0\Tarcutta_DryA_20221128T080000+1000_REC_1675.796_1680.296.mp3,BIRDS
5.90E+00,1.00E+01,3.46E+00,D:\PhD-data\new-samples-t0\Tarcutta_DryA_20221128T220000+1000_REC_1713.945_1718.445.mp3,BIRDS
4.72E+00,6.22E+00,2.91E+00,D:\PhD-data\new-samples-t0\Tarcutta_DryA_20221129T060000+1000_REC_4072.932_4077.432.mp3,BIRDS
6.08E+00,5.98E+00,3.78E+00,D:\PhD-data\new-samples-t0\Tarcutta_DryB_20220508T020000+1000_REC_3854.22_3858.72.mp3,INSECTS
6.08E+00,5.74E+00,3.99E+00,D:\PhD-data\new-samples-t0\Tarcutta_DryB_20220508T040000+1000_REC_4535.659_4540.159.mp3,BIRDS
7.37E+00,6.50E+00,4.56E+00,D:\PhD-data\new-samples-t0\Tarcutta_DryB_20220508T060000+1000_REC_5731.845_5736.345.mp3,BIRDS
7.22E+00,6.12E+00,4.58E+00,D:\PhD-data\new-samples-t0\Tarcutta_DryB_20220508T080000+1000_REC_4459.154_4463.654.mp3,BIRDS
3.07E+00,5.38E+00,4.00E+00,D:\PhD-data\new-samples-t0\Tarcutta_DryB_20220508T120000+1000_REC_393.614_398.114.mp3,HUMANSPEECH
8.35E+00,5.62E+00,5.26E+00,D:\PhD-data\new-samples-t0\Tarcutta_DryB_20220508T140000+1000_REC_58.321_62.821.mp3,FROGS
7.34E+00,6.86E+00,3.59E+00,D:\PhD-data\new-samples-t0\Tarcutta_DryB_20220508T165700+1000_REC_358.154_362.654.mp3,MISCELLANEOUSUNCERTAIN
8.67E+00,9.09E+00,3.55E+00,D:\PhD-data\new-samples-t0\Tarcutta_DryB_20220509T000000+1000_REC_5237.432_5241.932.mp3,FROGS
6.10E+00,5.59E+00,3.97E+00,D:\PhD-data\new-samples-t0\Tarcutta_DryB_20220509T040000+1000_REC_1066.302_1070.802.mp3,BIRDS
7.20E+00,6.52E+00,4.52E+00,D:\PhD-data\new-samples-t0\Tarcutta_DryB_20220509T060000+1000_REC_4187.811_4192.311.mp3,FROGS
9.39E+00,7.02E+00,3.87E+00,D:\PhD-data\new-samples-t0\Tarcutta_DryB_20220509T100000+1000_REC_5386.941_5391.441.mp3,BIRDS
1.01E+01,7.62E+00,6.69E+00,D:\PhD-data\new-samples-t0\Tarcutta_DryB_20220509T160000+1000_REC_2756.884_2761.384.mp3,BACKGROUNDSILENCE
9.07E+00,7.25E+00,3.38E+00,D:\PhD-data\new-samples-t0\Tarcutta_DryB_20220509T220000+1000_REC_1733.073_1737.573.mp3,BACKGROUNDSILENCE
8.70E+00,9.23E+00,4.07E+00,D:\PhD-data\new-samples-t0\Tarcutta_DryB_20220510T000000+1000_REC_730.711_735.211.mp3,BIRDS
8.96E+00,7.27E+00,3.37E+00,D:\PhD-data\new-samples-t0\Tarcutta_DryB_20220510T020000+1000_REC_1794.875_1799.375.mp3,BIRDS
6.98E+00,4.49E+00,3.71E+00,D:\PhD-data\new-samples-t0\Tarcutta_DryB_20220510T080000+1000_REC_1773.111_1777.611.mp3,BIRDS
2.78E+00,6.90E+00,2.91E+00,D:\PhD-data\new-samples-t0\Tarcutta_DryB_20220510T140000+1000_REC_4261.726_4266.226.mp3,BIRDS
4.68E+00,5.11E+00,2.98E+00,D:\PhD-data\new-samples-t0\Tarcutta_DryB_20220510T160000+1000_REC_4174.767_4179.267.mp3,MISCELLANEOUSUNCERTAIN
9.43E+00,7.14E+00,3.70E+00,D:\PhD-data\new-samples-t0\Tarcutta_DryB_20220511T000000+1000_REC_6874.262_6878.762.mp3,BIRDS
9.28E+00,7.08E+00,3.66E+00,D:\PhD-data\new-samples-t0\Tarcutta_DryB_20220511T040000+1000_REC_6416.592_6421.092.mp3,BACKGROUNDSILENCE
2.90E+00,6.72E+00,2.97E+00,D:\PhD-data\new-samples-t0\Tarcutta_DryB_20220511T120000+1000_REC_5788.909_5793.409.mp3,MISCELLANEOUSUNCERTAIN
9.51E-01,2.88E+00,4.27E+00,D:\PhD-data\new-samples-t0\Tarcutta_DryB_20220511T180000+1000_REC_771.158_775.658.mp3,BIRDS
1.24E+00,3.55E+00,4.42E+00,D:\PhD-data\new-samples-t0\Tarcutta_DryB_20220512T080000+1000_REC_1805.608_1810.108.mp3,VEHICULARAIRCRAFTCARS
-9.34E-02,5.04E+00,4.38E+00,D:\PhD-data\new-samples-t0\Tarcutta_DryB_20220512T120000+1000_REC_3418.569_3423.069.mp3,BIRDS
1.02E+01,7.51E+00,6.68E+00,D:\PhD-data\new-samples-t0\Tarcutta_DryB_20220512T160000+1000_REC_53.406_57.906.mp3,BACKGROUNDSILENCE
8.36E-01,3.20E+00,4.51E+00,D:\PhD-data\new-samples-t0\Tarcutta_DryB_20220512T180000+1000_REC_2663.572_2668.072.mp3,BIRDS
-1.59E-01,5.01E+00,4.41E+00,D:\PhD-data\new-samples-t0\Tarcutta_DryB_20220512T200000+1000_REC_3556.981_3561.481.mp3,BACKGROUNDSILENCE
-2.31E-02,5.06E+00,4.36E+00,D:\PhD-data\new-samples-t0\Tarcutta_DryB_20220512T220000+1000_REC_1279.625_1284.125.mp3,BIRDS
9.25E+00,6.97E+00,3.84E+00,D:\PhD-data\new-samples-t0\Tarcutta_DryB_20220513T080000+1000_REC_4600.083_4604.583.mp3,BIRDS
8.73E+00,6.80E+00,3.40E+00,D:\PhD-data\new-samples-t0\Tarcutta_DryB_20220513T180000+1000_REC_3520.877_3525.377.mp3,BIRDS
6.46E+00,9.99E+00,3.56E+00,D:\PhD-data\new-samples-t0\Tarcutta_DryB_20220514T020000+1000_REC_4524.116_4528.616.mp3,BACKGROUNDSILENCE
1.01E+01,6.98E+00,3.68E+00,D:\PhD-data\new-samples-t0\Tarcutta_DryB_20220514T040000+1000_REC_3763.504_3768.004.mp3,BACKGROUNDSILENCE
9.31E+00,7.06E+00,3.71E+00,D:\PhD-data\new-samples-t0\Tarcutta_DryB_20220514T200000+1000_REC_6642.686_6647.186.mp3,BIRDS
7.54E+00,9.27E+00,3.81E+00,D:\PhD-data\new-samples-t0\Tarcutta_DryB_20220514T220000+1000_REC_4060.337_4064.837.mp3,RAINLIGHT
6.50E+00,3.92E+00,4.95E+00,D:\PhD-data\new-samples-t0\Tarcutta_DryB_20220515T000000+1000_REC_5087.889_5092.389.mp3,RAINLIGHT
7.83E-01,3.41E+00,4.73E+00,D:\PhD-data\new-samples-t0\Tarcutta_DryB_20220515T040000+1000_REC_224.916_229.416.mp3,RAINLIGHT
2.24E+00,4.87E+00,4.55E+00,D:\PhD-data\new-samples-t0\Tarcutta_DryB_20220515T080000+1000_REC_4548.439_4552.939.mp3,BIRDS
6.70E+00,9.80E+00,3.61E+00,D:\PhD-data\new-samples-t0\Tarcutta_DryB_20221122T020000+1000_REC_2877.075_2881.575.mp3,RAINHEAVY
9.20E+00,5.71E+00,4.99E+00,D:\PhD-data\new-samples-t0\Tarcutta_DryB_20221122T080000+1000_REC_3112.071_3116.571.mp3,RAINHEAVY
5.14E+00,5.60E+00,2.96E+00,D:\PhD-data\new-samples-t0\Tarcutta_DryB_20221122T100000+1000_REC_3433.023_3437.523.mp3,RAINLIGHT
5.59E+00,8.92E+00,2.76E+00,D:\PhD-data\new-samples-t0\Tarcutta_DryB_20221122T130827+1000_REC_207.956_212.456.mp3,RAINLIGHT
6.30E+00,9.43E+00,3.31E+00,D:\PhD-data\new-samples-t0\Tarcutta_DryB_20221122T181829+1000_REC_4393.214_4397.714.mp3,HUMANSPEECH
6.28E+00,1.01E+01,3.55E+00,D:\PhD-data\new-samples-t0\Tarcutta_DryB_20221122T220000+1000_REC_5254.361_5258.861.mp3,MISCELLANEOUSUNCERTAIN
6.27E+00,1.01E+01,3.56E+00,D:\PhD-data\new-samples-t0\Tarcutta_DryB_20221123T000000+1000_REC_2500.32_2504.82.mp3,BACKGROUNDSILENCE
6.30E+00,9.47E+00,3.33E+00,D:\PhD-data\new-samples-t0\Tarcutta_DryB_20221123T040000+1000_REC_6321.606_6326.106.mp3,MISCELLANEOUSUNCERTAIN
5.65E+00,8.91E+00,2.79E+00,D:\PhD-data\new-samples-t0\Tarcutta_DryB_20221123T080000+1000_REC_5990.115_5994.615.mp3,BACKGROUNDSILENCE
2.10E+00,8.23E+00,2.72E+00,D:\PhD-data\new-samples-t0\Tarcutta_DryB_20221123T100000+1000_REC_4307.316_4311.816.mp3,MISCELLANEOUSUNCERTAIN
5.56E+00,8.83E+00,2.72E+00,D:\PhD-data\new-samples-t0\Tarcutta_DryB_20221123T140000+1000_REC_2206.585_2211.085.mp3,RAINLIGHT
6.20E+00,9.38E+00,3.27E+00,D:\PhD-data\new-samples-t0\Tarcutta_DryB_20221123T160000+1000_REC_2182.119_2186.619.mp3,RAINLIGHT
6.47E+00,9.74E+00,3.40E+00,D:\PhD-data\new-samples-t0\Tarcutta_DryB_20221123T180000+1000_REC_4896.103_4900.603.mp3,VEHICULARAIRCRAFTCARS
7.35E+00,9.12E+00,3.80E+00,D:\PhD-data\new-samples-t0\Tarcutta_DryB_20221124T000000+1000_REC_5007.777_5012.277.mp3,BIRDS
5.84E+00,9.30E+00,3.10E+00,D:\PhD-data\new-samples-t0\Tarcutta_DryB_20221124T140000+1000_REC_4853.15_4857.65.mp3,BIRDS
6.72E+00,9.79E+00,3.60E+00,D:\PhD-data\new-samples-t0\Tarcutta_DryB_20221124T200000+1000_REC_4034.101_4038.601.mp3,BIRDS
8.71E+00,9.22E+00,4.24E+00,D:\PhD-data\new-samples-t0\Tarcutta_DryB_20221125T000000+1000_REC_628.245_632.745.mp3,BACKGROUNDSILENCE
2.11E+00,8.22E+00,2.72E+00,D:\PhD-data\new-samples-t0\Tarcutta_DryB_20221125T100000+1000_REC_953.368_957.868.mp3,BACKGROUNDSILENCE
2.10E+00,8.19E+00,2.74E+00,D:\PhD-data\new-samples-t0\Tarcutta_DryB_20221125T160000+1000_REC_529.507_534.007.mp3,BACKGROUNDSILENCE
5.84E+00,9.93E+00,3.46E+00,D:\PhD-data\new-samples-t0\Tarcutta_DryB_20221125T180000+1000_REC_6468.536_6473.036.mp3,BIRDS
8.69E+00,9.22E+00,4.25E+00,D:\PhD-data\new-samples-t0\Tarcutta_DryB_20221125T220000+1000_REC_6406.249_6410.749.mp3,BIRDS
5.59E+00,9.35E+00,3.03E+00,D:\PhD-data\new-samples-t0\Tarcutta_DryB_20221126T140000+1000_REC_7058.301_7062.801.mp3,BIRDS
5.48E+00,9.32E+00,2.96E+00,D:\PhD-data\new-samples-t0\Tarcutta_DryB_20221126T160000+1000_REC_4172.94_4177.44.mp3,BIRDS
5.47E+00,9.32E+00,2.96E+00,D:\PhD-data\new-samples-t0\Tarcutta_DryB_20221126T180000+1000_REC_2949.514_2954.014.mp3,BIRDS
6.85E+00,7.98E+00,3.49E+00,D:\PhD-data\new-samples-t0\Tarcutta_DryB_20221126T200000+1000_REC_131.563_136.063.mp3,INSECTS
6.90E+00,8.05E+00,3.50E+00,D:\PhD-data\new-samples-t0\Tarcutta_DryB_20221127T000000+1000_REC_4434.492_4438.992.mp3,VEHICULARAIRCRAFTCARS
6.66E+00,9.81E+00,3.54E+00,D:\PhD-data\new-samples-t0\Tarcutta_DryB_20221127T220000+1000_REC_3569.849_3574.349.mp3,BIRDS
5.52E+00,8.72E+00,2.65E+00,D:\PhD-data\new-samples-t0\Tarcutta_DryB_20221128T060000+1000_REC_4868.326_4872.826.mp3,BACKGROUNDSILENCE
6.23E+00,1.01E+01,3.55E+00,D:\PhD-data\new-samples-t0\Tarcutta_DryB_20221128T200000+1000_REC_4228.036_4232.536.mp3,BACKGROUNDSILENCE
6.23E+00,1.01E+01,3.53E+00,D:\PhD-data\new-samples-t0\Tarcutta_DryB_20221129T020000+1000_REC_4766.014_4770.514.mp3,BIRDS
8.63E+00,9.28E+00,3.65E+00,D:\PhD-data\new-samples-t0\Tarcutta_WetA_20220509T160000+1000_REC_6387.949_6392.449.mp3,BIRDS
6.61E+00,9.87E+00,3.50E+00,D:\PhD-data\new-samples-t0\Tarcutta_WetA_20220510T000000+1000_REC_1176.283_1180.783.mp3,BACKGROUNDSILENCE
5.61E+00,8.90E+00,3.45E+00,D:\PhD-data\new-samples-t0\Tarcutta_WetA_20220510T040000+1000_REC_5008.627_5013.127.mp3,BACKGROUNDSILENCE
7.41E+00,8.10E+00,3.77E+00,D:\PhD-data\new-samples-t0\Tarcutta_WetA_20220510T060000+1000_REC_6819.188_6823.688.mp3,BIRDS
9.67E+00,7.14E+00,3.82E+00,D:\PhD-data\new-samples-t0\Tarcutta_WetA_20220510T200000+1000_REC_6803.558_6808.058.mp3,BIRDS
8.67E+00,9.23E+00,3.65E+00,D:\PhD-data\new-samples-t0\Tarcutta_WetA_20220511T020000+1000_REC_5390.888_5395.388.mp3,BIRDS
6.84E+00,6.54E+00,2.76E+00,D:\PhD-data\new-samples-t0\Tarcutta_WetA_20220511T140000+1000_REC_6677.13_6681.63.mp3,BACKGROUNDSILENCE
4.77E+00,5.10E+00,2.99E+00,D:\PhD-data\new-samples-t0\Tarcutta_WetA_20220511T160000+1000_REC_6073.95_6078.45.mp3,BACKGROUNDSILENCE
4.76E+00,5.16E+00,2.99E+00,D:\PhD-data\new-samples-t0\Tarcutta_WetA_20220511T200000+1000_REC_3458.668_3463.168.mp3,VEHICULARAIRCRAFTCARS
4.90E+00,5.50E+00,3.05E+00,D:\PhD-data\new-samples-t0\Tarcutta_WetA_20220511T220000+1000_REC_5762.873_5767.373.mp3,BIRDS
9.28E+00,6.94E+00,3.87E+00,D:\PhD-data\new-samples-t0\Tarcutta_WetA_20220512T220000+1000_REC_331.956_336.456.mp3,BACKGROUNDSILENCE
7.00E+00,7.21E+00,3.50E+00,D:\PhD-data\new-samples-t0\Tarcutta_WetA_20220513T080000+1000_REC_140.668_145.168.mp3,BACKGROUNDSILENCE
6.98E+00,4.54E+00,3.66E+00,D:\PhD-data\new-samples-t0\Tarcutta_WetA_20220513T100000+1000_REC_7094.499_7098.999.mp3,FROGS
8.34E+00,9.52E+00,3.77E+00,D:\PhD-data\new-samples-t0\Tarcutta_WetA_20220514T000000+1000_REC_3041.97_3046.47.mp3,BACKGROUNDSILENCE
6.64E+00,9.87E+00,3.50E+00,D:\PhD-data\new-samples-t0\Tarcutta_WetA_20220514T020000+1000_REC_578.06_582.56.mp3,FROGS
1.25E+01,7.32E+00,6.79E+00,D:\PhD-data\new-samples-t0\Tarcutta_WetA_20220514T140000+1000_REC_5674.555_5679.055.mp3,BIRDS
1.01E+01,6.83E+00,6.71E+00,D:\PhD-data\new-samples-t0\Tarcutta_WetA_20220514T160000+1000_REC_1477.269_1481.769.mp3,BIRDS
9.02E+00,7.26E+00,3.33E+00,D:\PhD-data\new-samples-t0\Tarcutta_WetA_20220514T180000+1000_REC_6798.995_6803.495.mp3,BACKGROUNDSILENCE
5.59E+00,8.83E+00,3.49E+00,D:\PhD-data\new-samples-t0\Tarcutta_WetA_20220514T220000+1000_REC_7159.346_7163.846.mp3,BIRDS
-9.36E-02,5.02E+00,4.38E+00,D:\PhD-data\new-samples-t0\Tarcutta_WetA_20220515T060000+1000_REC_1697.744_1702.244.mp3,RAINLIGHT
9.27E+00,5.11E+00,3.91E+00,D:\PhD-data\new-samples-t0\Tarcutta_WetA_20220515T160000+1000_REC_4480.764_4485.264.mp3,BACKGROUNDSILENCE
4.26E+00,6.36E+00,2.80E+00,D:\PhD-data\new-samples-t0\Tarcutta_WetA_20221122T140000+1000_REC_2620.356_2624.856.mp3,MISCELLANEOUSUNCERTAIN
5.39E+00,9.20E+00,2.66E+00,D:\PhD-data\new-samples-t0\Tarcutta_WetA_20221123T020000+1000_REC_3904.049_3908.549.mp3,BACKGROUNDSILENCE
5.35E+00,9.25E+00,2.72E+00,D:\PhD-data\new-samples-t0\Tarcutta_WetA_20221123T045000+1000_REC_2988.644_2993.144.mp3,BACKGROUNDSILENCE
4.77E+00,5.94E+00,3.01E+00,D:\PhD-data\new-samples-t0\Tarcutta_WetA_20221123T060000+1000_REC_6157.915_6162.415.mp3,BIRDS
4.05E+00,6.45E+00,2.78E+00,D:\PhD-data\new-samples-t0\Tarcutta_WetA_20221123T120000+1000_REC_2859.321_2863.821.mp3,BIRDS
5.38E+00,9.18E+00,2.62E+00,D:\PhD-data\new-samples-t0\Tarcutta_WetA_20221124T000000+1000_REC_5121.206_5125.706.mp3,BACKGROUNDSILENCE
5.27E+00,8.43E+00,1.70E+00,D:\PhD-data\new-samples-t0\Tarcutta_WetA_20221124T040000+1000_REC_4560.796_4565.296.mp3,BIRDS
5.33E+00,9.31E+00,2.82E+00,D:\PhD-data\new-samples-t0\Tarcutta_WetA_20221124T060000+1000_REC_161.89_166.39.mp3,BIRDS
6.87E+00,6.23E+00,2.17E+00,D:\PhD-data\new-samples-t0\Tarcutta_WetA_20221124T160000+1000_REC_5572.234_5576.734.mp3,BIRDS
5.87E+00,8.13E+00,4.35E-01,D:\PhD-data\new-samples-t0\Tarcutta_WetA_20221124T200000+1000_REC_5745.629_5750.129.mp3,BACKGROUNDSILENCE
5.82E+00,8.24E+00,2.52E-01,D:\PhD-data\new-samples-t0\Tarcutta_WetA_20221125T020000+1000_REC_3826.872_3831.372.mp3,MISCELLANEOUSUNCERTAIN
5.95E+00,8.10E+00,1.65E-01,D:\PhD-data\new-samples-t0\Tarcutta_WetA_20221126T020000+1000_REC_4471.448_4475.948.mp3,RAINLIGHT
7.76E+00,8.56E+00,3.88E+00,D:\PhD-data\new-samples-t0\Tarcutta_WetA_20221126T120000+1000_REC_36.407_40.907.mp3,INSECTS
9.94E+00,7.04E+00,3.80E+00,D:\PhD-data\new-samples-t0\Tarcutta_WetA_20221126T180000+1000_REC_1229.016_1233.516.mp3,INSECTS
5.22E-01,3.14E+00,5.96E+00,D:\PhD-data\new-samples-t0\Tarcutta_WetA_20221127T000000+1000_REC_6212.3_6216.8.mp3,BIRDS
8.89E+00,4.32E+00,2.21E+00,D:\PhD-data\new-samples-t0\Tarcutta_WetA_20221127T060000+1000_REC_876.688_881.188.mp3,BIRDS
7.14E+00,6.75E+00,3.64E+00,D:\PhD-data\new-samples-t0\Tarcutta_WetA_20221127T100000+1000_REC_2874.884_2879.384.mp3,BIRDS
2.42E+00,7.47E+00,2.74E+00,D:\PhD-data\new-samples-t0\Tarcutta_WetA_20221127T140000+1000_REC_6361.155_6365.655.mp3,BIRDS
6.51E+00,6.22E+00,2.97E+00,D:\PhD-data\new-samples-t0\Tarcutta_WetA_20221127T160000+1000_REC_1167.532_1172.032.mp3,INSECTS
7.76E+00,4.92E+00,4.51E+00,D:\PhD-data\new-samples-t0\Tarcutta_WetA_20221127T200000+1000_REC_2251.639_2256.139.mp3,BIRDS
5.84E+00,8.20E+00,3.17E-01,D:\PhD-data\new-samples-t0\Tarcutta_WetA_20221128T000000+1000_REC_2638.909_2643.409.mp3,BIRDS
9.39E+00,7.30E+00,4.92E+00,D:\PhD-data\new-samples-t0\Tarcutta_WetA_20221128T040000+1000_REC_1455.315_1459.815.mp3,INSECTS
6.77E+00,6.80E+00,2.42E+00,D:\PhD-data\new-samples-t0\Tarcutta_WetA_20221128T060000+1000_REC_314.693_319.193.mp3,BIRDS
9.67E+00,7.29E+00,4.01E+00,D:\PhD-data\new-samples-t0\Tarcutta_WetA_20221128T080000+1000_REC_5337.409_5341.909.mp3,INSECTS
1.97E+00,4.75E+00,4.56E+00,D:\PhD-data\new-samples-t0\Tarcutta_WetA_20221128T100000+1000_REC_5678.375_5682.875.mp3,INSECTS
6.61E+00,5.75E+00,2.90E+00,D:\PhD-data\new-samples-t0\Tarcutta_WetA_20221128T140000+1000_REC_6005.169_6009.669.mp3,VEHICULARAIRCRAFTCARS
6.89E+00,6.08E+00,2.14E+00,D:\PhD-data\new-samples-t0\Tarcutta_WetA_20221128T180000+1000_REC_6446.673_6451.173.mp3,BIRDS
5.38E+00,8.39E+00,1.54E+00,D:\PhD-data\new-samples-t0\Tarcutta_WetA_20221129T040000+1000_REC_4917.781_4922.281.mp3,FROGS
2.04E+00,7.45E+00,2.92E+00,D:\PhD-data\new-samples-t0\Tarcutta_WetA_20221129T080000+1000_REC_6982.668_6987.168.mp3,INSECTS
6.56E+00,6.22E+00,2.92E+00,D:\PhD-data\new-samples-t0\Tarcutta_WetA_20221129T120000+1000_REC_5702.08_5706.58.mp3,BIRDS
5.59E+00,8.80E+00,3.50E+00,D:\PhD-data\new-samples-t0\Tarcutta_WetB_20220508T000000+1000_REC_2689.112_2693.612.mp3,INSECTS
7.03E+00,6.11E+00,4.74E+00,D:\PhD-data\new-samples-t0\Tarcutta_WetB_20220508T080000+1000_REC_5043.828_5048.328.mp3,BIRDS
1.02E+01,7.40E+00,6.62E+00,D:\PhD-data\new-samples-t0\Tarcutta_WetB_20220508T140000+1000_REC_2545.52_2550.02.mp3,BIRDS
8.76E+00,6.83E+00,3.40E+00,D:\PhD-data\new-samples-t0\Tarcutta_WetB_20220509T020000+1000_REC_925.065_929.565.mp3,INSECTS
7.06E+00,6.47E+00,2.98E+00,D:\PhD-data\new-samples-t0\Tarcutta_WetB_20220509T060000+1000_REC_4106.49_4110.99.mp3,BIRDS
1.01E+01,7.63E+00,6.65E+00,D:\PhD-data\new-samples-t0\Tarcutta_WetB_20220509T080000+1000_REC_4047.545_4052.045.mp3,BIRDS
6.51E+00,6.20E+00,4.31E+00,D:\PhD-data\new-samples-t0\Tarcutta_WetB_20220509T100713+1000_REC_208.108_212.608.mp3,BIRDS
8.93E+00,7.28E+00,3.37E+00,D:\PhD-data\new-samples-t0\Tarcutta_WetB_20220509T200000+1000_REC_6223.758_6228.258.mp3,BIRDS
1.01E+01,6.97E+00,3.71E+00,D:\PhD-data\new-samples-t0\Tarcutta_WetB_20220510T000000+1000_REC_4541.112_4545.612.mp3,BIRDS
8.80E+00,5.41E+00,3.73E+00,D:\PhD-data\new-samples-t0\Tarcutta_WetB_20220510T060000+1000_REC_3078.045_3082.545.mp3,INSECTS
2.19E+00,4.92E+00,4.42E+00,D:\PhD-data\new-samples-t0\Tarcutta_WetB_20220510T100000+1000_REC_6095.151_6099.651.mp3,BIRDS
8.07E+00,6.60E+00,3.33E+00,D:\PhD-data\new-samples-t0\Tarcutta_WetB_20220510T160000+1000_REC_4002.435_4006.935.mp3,BIRDS
9.47E+00,7.15E+00,3.80E+00,D:\PhD-data\new-samples-t0\Tarcutta_WetB_20220510T220000+1000_REC_450.185_454.685.mp3,BIRDS
4.68E+00,5.14E+00,3.01E+00,D:\PhD-data\new-samples-t0\Tarcutta_WetB_20220511T060000+1000_REC_2707.238_2711.738.mp3,BACKGROUNDSILENCE
6.45E+00,4.81E+00,5.24E+00,D:\PhD-data\new-samples-t0\Tarcutta_WetB_20220511T100000+1000_REC_3803.511_3808.011.mp3,BIRDS
1.98E+00,4.48E+00,4.60E+00,D:\PhD-data\new-samples-t0\Tarcutta_WetB_20220511T140000+1000_REC_1797.989_1802.489.mp3,BIRDS
6.61E+00,4.31E+00,3.51E+00,D:\PhD-data\new-samples-t0\Tarcutta_WetB_20220511T200000+1000_REC_3805.194_3809.694.mp3,MISCELLANEOUSUNCERTAIN
8.85E-01,5.08E+00,4.29E+00,D:\PhD-data\new-samples-t0\Tarcutta_WetB_20220511T220000+1000_REC_4468.135_4472.635.mp3,BIRDS
4.51E+00,4.83E+00,3.08E+00,D:\PhD-data\new-samples-t0\Tarcutta_WetB_20220512T000000+1000_REC_5579.54_5584.04.mp3,BIRDS
8.92E+00,8.80E+00,4.86E+00,D:\PhD-data\new-samples-t0\Tarcutta_WetB_20220512T080000+1000_REC_1135.771_1140.271.mp3,BIRDS
9.26E+00,5.12E+00,3.92E+00,D:\PhD-data\new-samples-t0\Tarcutta_WetB_20220512T160000+1000_REC_3788.079_3792.579.mp3,BACKGROUNDSILENCE
1.13E+00,3.41E+00,4.44E+00,D:\PhD-data\new-samples-t0\Tarcutta_WetB_20220512T200000+1000_REC_5231.097_5235.597.mp3,BACKGROUNDSILENCE
4.43E+00,4.71E+00,3.11E+00,D:\PhD-data\new-samples-t0\Tarcutta_WetB_20220512T220000+1000_REC_4865.92_4870.42.mp3,BIRDS
8.59E-01,3.16E+00,4.47E+00,D:\PhD-data\new-samples-t0\Tarcutta_WetB_20220513T060000+1000_REC_1206.055_1210.555.mp3,BIRDS
7.74E+00,5.01E+00,4.80E+00,D:\PhD-data\new-samples-t0\Tarcutta_WetB_20220513T180000+1000_REC_504.802_509.302.mp3,HUMANSPEECH
9.95E+00,6.89E+00,3.75E+00,D:\PhD-data\new-samples-t0\Tarcutta_WetB_20220513T220000+1000_REC_3519.395_3523.895.mp3,MISCELLANEOUSUNCERTAIN
9.90E+00,7.05E+00,3.84E+00,D:\PhD-data\new-samples-t0\Tarcutta_WetB_20220514T020000+1000_REC_6542.888_6547.388.mp3,BIRDS
9.98E+00,6.96E+00,3.75E+00,D:\PhD-data\new-samples-t0\Tarcutta_WetB_20220514T040000+1000_REC_4699.221_4703.721.mp3,BIRDS
1.02E+01,7.49E+00,6.70E+00,D:\PhD-data\new-samples-t0\Tarcutta_WetB_20220514T080000+1000_REC_6942.53_6947.03.mp3,BACKGROUNDSILENCE
4.68E+00,5.14E+00,2.96E+00,D:\PhD-data\new-samples-t0\Tarcutta_WetB_20220514T160000+1000_REC_832.326_836.826.mp3,BACKGROUNDSILENCE
7.91E+00,4.95E+00,5.18E+00,D:\PhD-data\new-samples-t0\Tarcutta_WetB_20220514T180000+1000_REC_4097.527_4102.027.mp3,BACKGROUNDSILENCE
9.09E+00,5.86E+00,5.20E+00,D:\PhD-data\new-samples-t0\Tarcutta_WetB_20220514T200000+1000_REC_5205.923_5210.423.mp3,RAINLIGHT
8.83E-01,3.10E+00,4.42E+00,D:\PhD-data\new-samples-t0\Tarcutta_WetB_20220515T060000+1000_REC_1199.519_1204.019.mp3,HUMANSPEECH
6.81E+00,6.35E+00,2.13E+00,D:\PhD-data\new-samples-t0\Tarcutta_WetB_20220515T100000+1000_REC_5603.904_5608.404.mp3,INSECTS
5.53E+00,8.36E+00,8.54E-01,D:\PhD-data\new-samples-t0\Tarcutta_WetB_20221122T000000+1000_REC_4362.302_4366.802.mp3,RAINLIGHT
1.02E+01,6.98E+00,6.77E+00,D:\PhD-data\new-samples-t0\Tarcutta_WetB_20221122T040000+1000_REC_5238.683_5243.183.mp3,RAINLIGHT
-7.84E-01,5.18E+00,4.45E+00,D:\PhD-data\new-samples-t0\Tarcutta_WetB_20221122T060000+1000_REC_5843.025_5847.525.mp3,RAINLIGHT
7.74E+00,8.46E+00,3.93E+00,D:\PhD-data\new-samples-t0\Tarcutta_WetB_20221122T082006+1000_REC_5169.833_5174.333.mp3,INSECTS
7.37E+00,8.36E+00,3.77E+00,D:\PhD-data\new-samples-t0\Tarcutta_WetB_20221122T100000+1000_REC_755.702_760.202.mp3,INSECTS
9.78E+00,8.49E+00,5.04E+00,D:\PhD-data\new-samples-t0\Tarcutta_WetB_20221122T120000+1000_REC_119.284_123.784.mp3,BIRDS
6.79E+00,6.75E+00,2.41E+00,D:\PhD-data\new-samples-t0\Tarcutta_WetB_20221122T140000+1000_REC_941.383_945.883.mp3,INSECTS
5.52E+00,8.37E+00,8.17E-01,D:\PhD-data\new-samples-t0\Tarcutta_WetB_20221123T020000+1000_REC_4771.069_4775.569.mp3,BIRDS
8.09E+00,8.51E+00,4.52E+00,D:\PhD-data\new-samples-t0\Tarcutta_WetB_20221123T100000+1000_REC_3358.259_3362.759.mp3,BIRDS
5.07E+00,5.74E+00,2.83E+00,D:\PhD-data\new-samples-t0\Tarcutta_WetB_20221123T120000+1000_REC_7159.539_7164.039.mp3,RAINLIGHT
5.44E+00,8.54E+00,2.53E+00,D:\PhD-data\new-samples-t0\Tarcutta_WetB_20221123T140000+1000_REC_1164.486_1168.986.mp3,BIRDS
5.83E+00,8.24E+00,2.04E-01,D:\PhD-data\new-samples-t0\Tarcutta_WetB_20221123T180000+1000_REC_4087.831_4092.331.mp3,RAINLIGHT
5.77E+00,8.31E+00,1.56E-01,D:\PhD-data\new-samples-t0\Tarcutta_WetB_20221123T220000+1000_REC_3803.638_3808.138.mp3,BIRDS
5.74E+00,8.34E+00,8.43E-02,D:\PhD-data\new-samples-t0\Tarcutta_WetB_20221124T000000+1000_REC_4854.179_4858.679.mp3,INSECTS
5.37E+00,8.52E+00,2.29E+00,D:\PhD-data\new-samples-t0\Tarcutta_WetB_20221124T140000+1000_REC_6374.753_6379.253.mp3,BIRDS
5.34E+00,8.49E+00,1.14E+00,D:\PhD-data\new-samples-t0\Tarcutta_WetB_20221124T180000+1000_REC_3977.822_3982.322.mp3,BACKGROUNDSILENCE
5.74E+00,8.29E+00,3.14E-01,D:\PhD-data\new-samples-t0\Tarcutta_WetB_20221124T200000+1000_REC_1387.838_1392.338.mp3,HUMANSPEECH
6.47E+00,7.25E+00,1.95E+00,D:\PhD-data\new-samples-t0\Tarcutta_WetB_20221124T220000+1000_REC_1538.443_1542.943.mp3,BIRDS
5.54E+00,8.36E+00,7.88E-01,D:\PhD-data\new-samples-t0\Tarcutta_WetB_20221125T020000+1000_REC_2079.559_2084.059.mp3,BACKGROUNDSILENCE
8.87E+00,8.43E+00,4.93E+00,D:\PhD-data\new-samples-t0\Tarcutta_WetB_20221125T080000+1000_REC_3153.925_3158.425.mp3,BIRDS
7.49E+00,8.45E+00,4.09E+00,D:\PhD-data\new-samples-t0\Tarcutta_WetB_20221125T140000+1000_REC_2303.781_2308.281.mp3,BIRDS
6.78E+00,4.43E+00,2.08E+00,D:\PhD-data\new-samples-t0\Tarcutta_WetB_20221125T160000+1000_REC_2951.388_2955.888.mp3,BIRDS
5.53E+00,8.36E+00,7.96E-01,D:\PhD-data\new-samples-t0\Tarcutta_WetB_20221125T180000+1000_REC_4336.956_4341.456.mp3,BIRDS
6.89E+00,6.86E+00,2.55E+00,D:\PhD-data\new-samples-t0\Tarcutta_WetB_20221125T200000+1000_REC_2029.703_2034.203.mp3,INSECTS
5.84E+00,8.22E+00,2.34E-01,D:\PhD-data\new-samples-t0\Tarcutta_WetB_20221126T020000+1000_REC_4519.323_4523.823.mp3,BIRDS
7.24E+00,8.35E+00,3.71E+00,D:\PhD-data\new-samples-t0\Tarcutta_WetB_20221126T080000+1000_REC_3062.832_3067.332.mp3,FROGS
7.12E+00,4.20E+00,1.95E+00,D:\PhD-data\new-samples-t0\Tarcutta_WetB_20221126T180000+1000_REC_1344.125_1348.625.mp3,INSECTS
5.76E+00,8.28E+00,2.62E-01,D:\PhD-data\new-samples-t0\Tarcutta_WetB_20221126T220000+1000_REC_5007.699_5012.199.mp3,BIRDS
5.73E+00,8.32E+00,1.60E-01,D:\PhD-data\new-samples-t0\Tarcutta_WetB_20221127T000000+1000_REC_1223.378_1227.878.mp3,FROGS
5.73E+00,8.34E+00,1.20E-01,D:\PhD-data\new-samples-t0\Tarcutta_WetB_20221127T040000+1000_REC_1202.895_1207.395.mp3,INSECTS
7.61E+00,8.31E+00,3.97E+00,D:\PhD-data\new-samples-t0\Tarcutta_WetB_20221127T120000+1000_REC_7146.471_7150.971.mp3,BIRDS
5.68E+00,8.39E+00,7.65E-02,D:\PhD-data\new-samples-t0\Tarcutta_WetB_20221127T180000+1000_REC_4771.266_4775.766.mp3,FROGS
7.82E+00,8.38E+00,4.36E+00,D:\PhD-data\new-samples-t0\Tarcutta_WetB_20221128T040000+1000_REC_6748.188_6752.688.mp3,BIRDS
5.31E+00,8.43E+00,1.71E+00,D:\PhD-data\new-samples-t0\Tarcutta_WetB_20221128T080000+1000_REC_3303.548_3308.048.mp3,BIRDS
6.42E+00,7.31E+00,1.93E+00,D:\PhD-data\new-samples-t0\Tarcutta_WetB_20221128T200000+1000_REC_6050.148_6054.648.mp3,INSECTS
5.70E+00,8.29E+00,4.96E-01,D:\PhD-data\new-samples-t0\Tarcutta_WetB_20221129T000000+1000_REC_2104.175_2108.675.mp3,INSECTS
6.60E+00,7.06E+00,2.15E+00,D:\PhD-data\new-samples-t0\Tarcutta_WetB_20221129T060000+1000_REC_407.907_412.407.mp3,VEHICULARAIRCRAFTCARS
8.00E+00,8.13E+00,4.20E+00,D:\PhD-data\new-samples-t0\Tarcutta_WetB_20221129T080000+1000_REC_6694.736_6699.236.mp3,BIRDS
2.02E+00,7.81E+00,2.83E+00,D:\PhD-data\new-samples-t0\Tarcutta_WetB_20221129T100000+1000_REC_4931.955_4936.455.mp3,BIRDS
