x,y,z,sound_path,class
1.10E+01,6.34E+00,1.13E+01,D:\PhD-data\rinyirru-unlabelled\Rinyirru_DryA_20220807T090300+1000_REC_1538.493_1542.993.wav,unlabelled
1.11E+01,5.80E+00,1.15E+01,D:\PhD-data\rinyirru-unlabelled\Rinyirru_DryA_20220807T090300+1000_REC_1546.939_1551.439.wav,unlabelled
1.08E+01,6.36E+00,1.18E+01,D:\PhD-data\rinyirru-unlabelled\Rinyirru_DryA_20220807T090300+1000_REC_1796.252_1800.752.wav,unlabelled
9.51E+00,8.62E+00,1.12E+01,D:\PhD-data\rinyirru-unlabelled\Rinyirru_DryA_20220807T090300+1000_REC_1853.904_1858.404.wav,unlabelled
1.13E+01,5.23E+00,1.16E+01,D:\PhD-data\rinyirru-unlabelled\Rinyirru_DryA_20220807T100000+1000_REC_1028.929_1033.429.wav,unlabelled
1.06E+01,6.85E+00,1.15E+01,D:\PhD-data\rinyirru-unlabelled\Rinyirru_DryA_20220807T100000+1000_REC_1244.529_1249.029.wav,unlabelled
1.10E+01,5.87E+00,1.18E+01,D:\PhD-data\rinyirru-unlabelled\Rinyirru_DryA_20220807T100000+1000_REC_264.87_269.37.wav,unlabelled
1.11E+01,5.59E+00,1.17E+01,D:\PhD-data\rinyirru-unlabelled\Rinyirru_DryA_20220807T100000+1000_REC_5952.136_5956.636.wav,unlabelled
6.66E+00,9.97E+00,1.22E+01,D:\PhD-data\rinyirru-unlabelled\Rinyirru_DryA_20220807T120000+1000_REC_2385.092_2389.592.wav,unlabelled
1.12E+01,5.38E+00,1.19E+01,D:\PhD-data\rinyirru-unlabelled\Rinyirru_DryA_20220807T120000+1000_REC_2406.029_2410.529.wav,unlabelled
6.63E+00,9.97E+00,1.22E+01,D:\PhD-data\rinyirru-unlabelled\Rinyirru_DryA_20220807T120000+1000_REC_6276.1_6280.6.wav,unlabelled
1.13E+01,5.27E+00,1.18E+01,D:\PhD-data\rinyirru-unlabelled\Rinyirru_DryA_20220807T120000+1000_REC_6346.027_6350.527.wav,unlabelled
8.40E+00,9.06E+00,1.18E+01,D:\PhD-data\rinyirru-unlabelled\Rinyirru_DryA_20220807T140000+1000_REC_3089.558_3094.058.wav,unlabelled
1.03E+01,7.48E+00,9.99E+00,D:\PhD-data\rinyirru-unlabelled\Rinyirru_DryA_20220807T140000+1000_REC_5503.389_5507.889.wav,unlabelled
1.10E+01,6.31E+00,1.07E+01,D:\PhD-data\rinyirru-unlabelled\Rinyirru_DryA_20220807T140000+1000_REC_5765.629_5770.129.wav,unlabelled
6.74E+00,9.87E+00,1.22E+01,D:\PhD-data\rinyirru-unlabelled\Rinyirru_DryA_20220807T140000+1000_REC_735.697_740.197.wav,unlabelled
1.04E+01,6.57E+00,1.12E+01,D:\PhD-data\rinyirru-unlabelled\Rinyirru_DryA_20220807T170832+1000_REC_1379.151_1383.651.wav,unlabelled
8.05E+00,8.34E+00,1.08E+01,D:\PhD-data\rinyirru-unlabelled\Rinyirru_DryA_20220807T170832+1000_REC_1473.378_1477.878.wav,unlabelled
9.53E+00,7.25E+00,1.10E+01,D:\PhD-data\rinyirru-unlabelled\Rinyirru_DryA_20220807T170832+1000_REC_1933.159_1937.659.wav,unlabelled
1.10E+01,5.68E+00,1.12E+01,D:\PhD-data\rinyirru-unlabelled\Rinyirru_DryA_20220807T170832+1000_REC_2611.958_2616.458.wav,unlabelled
8.02E+00,8.38E+00,1.07E+01,D:\PhD-data\rinyirru-unlabelled\Rinyirru_DryA_20220807T180000+1000_REC_233.288_237.788.wav,unlabelled
7.84E+00,9.36E+00,1.15E+01,D:\PhD-data\rinyirru-unlabelled\Rinyirru_DryA_20220807T180000+1000_REC_2943.736_2948.236.wav,unlabelled
1.09E+01,6.02E+00,1.14E+01,D:\PhD-data\rinyirru-unlabelled\Rinyirru_DryA_20220807T180000+1000_REC_3016.252_3020.752.wav,unlabelled
5.87E+00,1.02E+01,1.22E+01,D:\PhD-data\rinyirru-unlabelled\Rinyirru_DryA_20220807T180000+1000_REC_4658.016_4662.516.wav,unlabelled
-2.94E-01,5.90E+00,6.50E+00,D:\PhD-data\rinyirru-unlabelled\Rinyirru_DryA_20220807T200000+1000_REC_148.115_152.615.wav,unlabelled
-9.12E-01,5.64E+00,5.91E+00,D:\PhD-data\rinyirru-unlabelled\Rinyirru_DryA_20220807T200000+1000_REC_2213.44_2217.94.wav,unlabelled
-6.48E-01,6.63E+00,6.40E+00,D:\PhD-data\rinyirru-unlabelled\Rinyirru_DryA_20220807T200000+1000_REC_2539.388_2543.888.wav,unlabelled
-3.39E-01,6.26E+00,6.51E+00,D:\PhD-data\rinyirru-unlabelled\Rinyirru_DryA_20220807T200000+1000_REC_3506.763_3511.263.wav,unlabelled
-2.79E-01,7.73E+00,6.83E+00,D:\PhD-data\rinyirru-unlabelled\Rinyirru_DryA_20220807T220000+1000_REC_1082.446_1086.946.wav,unlabelled
-2.10E-01,7.97E+00,6.89E+00,D:\PhD-data\rinyirru-unlabelled\Rinyirru_DryA_20220807T220000+1000_REC_2186.221_2190.721.wav,unlabelled
1.40E-02,8.49E+00,6.93E+00,D:\PhD-data\rinyirru-unlabelled\Rinyirru_DryA_20220807T220000+1000_REC_3979.531_3984.031.wav,unlabelled
5.16E-02,8.69E+00,6.88E+00,D:\PhD-data\rinyirru-unlabelled\Rinyirru_DryA_20220807T220000+1000_REC_6026.854_6031.354.wav,unlabelled
7.47E+00,9.51E+00,8.74E+00,D:\PhD-data\rinyirru-unlabelled\Rinyirru_DryA_20220808T005745+1000_REC_1343.819_1348.319.wav,unlabelled
4.23E-01,9.04E+00,7.19E+00,D:\PhD-data\rinyirru-unlabelled\Rinyirru_DryA_20220808T005745+1000_REC_3311.792_3316.292.wav,unlabelled
3.51E-01,9.02E+00,7.12E+00,D:\PhD-data\rinyirru-unlabelled\Rinyirru_DryA_20220808T005745+1000_REC_3395.979_3400.479.wav,unlabelled
2.48E-01,8.90E+00,7.16E+00,D:\PhD-data\rinyirru-unlabelled\Rinyirru_DryA_20220808T005745+1000_REC_579.14_583.64.wav,unlabelled
5.25E+00,1.02E+01,8.03E+00,D:\PhD-data\rinyirru-unlabelled\Rinyirru_DryA_20220808T020000+1000_REC_5972.918_5977.418.wav,unlabelled
4.97E+00,1.02E+01,7.48E+00,D:\PhD-data\rinyirru-unlabelled\Rinyirru_DryA_20220808T020000+1000_REC_6100.561_6105.061.wav,unlabelled
4.74E+00,1.01E+01,8.19E+00,D:\PhD-data\rinyirru-unlabelled\Rinyirru_DryA_20220808T020000+1000_REC_774.293_778.793.wav,unlabelled
5.74E+00,1.02E+01,8.63E+00,D:\PhD-data\rinyirru-unlabelled\Rinyirru_DryA_20220808T020000+1000_REC_786.627_791.127.wav,unlabelled
5.04E+00,1.02E+01,7.74E+00,D:\PhD-data\rinyirru-unlabelled\Rinyirru_DryA_20220808T040000+1000_REC_490.597_495.097.wav,unlabelled
6.13E+00,9.92E+00,8.79E+00,D:\PhD-data\rinyirru-unlabelled\Rinyirru_DryA_20220808T040000+1000_REC_6181.256_6185.756.wav,unlabelled
6.61E+00,8.81E+00,1.13E+01,D:\PhD-data\rinyirru-unlabelled\Rinyirru_DryA_20220808T040000+1000_REC_6628.989_6633.489.wav,unlabelled
5.51E+00,1.01E+01,8.40E+00,D:\PhD-data\rinyirru-unlabelled\Rinyirru_DryA_20220808T040000+1000_REC_74.61_79.11.wav,unlabelled
6.41E+00,9.04E+00,1.13E+01,D:\PhD-data\rinyirru-unlabelled\Rinyirru_DryA_20220808T060000+1000_REC_2422.576_2427.076.wav,unlabelled
5.87E+00,9.69E+00,1.14E+01,D:\PhD-data\rinyirru-unlabelled\Rinyirru_DryA_20220808T060000+1000_REC_5299.137_5303.637.wav,unlabelled
5.89E+00,9.35E+00,1.13E+01,D:\PhD-data\rinyirru-unlabelled\Rinyirru_DryA_20220808T060000+1000_REC_6041.83_6046.33.wav,unlabelled
4.93E+00,9.80E+00,1.13E+01,D:\PhD-data\rinyirru-unlabelled\Rinyirru_DryA_20220808T060000+1000_REC_873.211_877.711.wav,unlabelled
7.11E+00,9.54E+00,1.07E+01,D:\PhD-data\rinyirru-unlabelled\Rinyirru_DryA_20220808T080000+1000_REC_3536.241_3540.741.wav,unlabelled
7.39E+00,9.48E+00,1.07E+01,D:\PhD-data\rinyirru-unlabelled\Rinyirru_DryA_20220808T080000+1000_REC_3852.808_3857.308.wav,unlabelled
4.95E+00,1.05E+01,1.15E+01,D:\PhD-data\rinyirru-unlabelled\Rinyirru_DryA_20220808T080000+1000_REC_4813.291_4817.791.wav,unlabelled
9.79E+00,8.33E+00,1.12E+01,D:\PhD-data\rinyirru-unlabelled\Rinyirru_DryA_20220808T080000+1000_REC_566.467_570.967.wav,unlabelled
8.07E+00,9.23E+00,1.21E+01,D:\PhD-data\rinyirru-unlabelled\Rinyirru_DryA_20220808T100000+1000_REC_1467.204_1471.704.wav,unlabelled
8.68E+00,8.86E+00,1.21E+01,D:\PhD-data\rinyirru-unlabelled\Rinyirru_DryA_20220808T100000+1000_REC_3522.45_3526.95.wav,unlabelled
1.13E+01,5.14E+00,1.17E+01,D:\PhD-data\rinyirru-unlabelled\Rinyirru_DryA_20220808T100000+1000_REC_4410.594_4415.094.wav,unlabelled
1.07E+01,6.27E+00,1.19E+01,D:\PhD-data\rinyirru-unlabelled\Rinyirru_DryA_20220808T100000+1000_REC_456.581_461.081.wav,unlabelled
8.21E+00,8.47E+00,1.17E+01,D:\PhD-data\rinyirru-unlabelled\Rinyirru_DryA_20220808T120000+1000_REC_1020.883_1025.383.wav,unlabelled
9.33E+00,8.21E+00,1.21E+01,D:\PhD-data\rinyirru-unlabelled\Rinyirru_DryA_20220808T120000+1000_REC_2511.204_2515.704.wav,unlabelled
1.04E+01,7.35E+00,1.13E+01,D:\PhD-data\rinyirru-unlabelled\Rinyirru_DryA_20220808T120000+1000_REC_3760.981_3765.481.wav,unlabelled
5.26E+00,1.06E+01,1.20E+01,D:\PhD-data\rinyirru-unlabelled\Rinyirru_DryA_20220808T120000+1000_REC_4904.529_4909.029.wav,unlabelled
5.93E+00,1.03E+01,1.22E+01,D:\PhD-data\rinyirru-unlabelled\Rinyirru_DryA_20220808T140000+1000_REC_2446.514_2451.014.wav,unlabelled
1.14E+01,4.93E+00,1.15E+01,D:\PhD-data\rinyirru-unlabelled\Rinyirru_DryA_20220808T140000+1000_REC_2522.7_2527.2.wav,unlabelled
8.80E+00,8.62E+00,1.15E+01,D:\PhD-data\rinyirru-unlabelled\Rinyirru_DryA_20220808T140000+1000_REC_4277.055_4281.555.wav,unlabelled
6.94E+00,9.96E+00,1.24E+01,D:\PhD-data\rinyirru-unlabelled\Rinyirru_DryA_20220808T140000+1000_REC_892.443_896.943.wav,unlabelled
9.59E+00,7.37E+00,1.15E+01,D:\PhD-data\rinyirru-unlabelled\Rinyirru_DryA_20220808T160000+1000_REC_1845.362_1849.862.wav,unlabelled
1.03E+01,6.66E+00,1.11E+01,D:\PhD-data\rinyirru-unlabelled\Rinyirru_DryA_20220808T160000+1000_REC_3854.904_3859.404.wav,unlabelled
7.98E+00,8.51E+00,1.03E+01,D:\PhD-data\rinyirru-unlabelled\Rinyirru_DryA_20220808T160000+1000_REC_4266.507_4271.007.wav,unlabelled
9.48E+00,7.47E+00,1.13E+01,D:\PhD-data\rinyirru-unlabelled\Rinyirru_DryA_20220808T160000+1000_REC_4695.704_4700.204.wav,unlabelled
7.97E+00,9.31E+00,1.00E+01,D:\PhD-data\rinyirru-unlabelled\Rinyirru_DryA_20220808T180000+1000_REC_2263.617_2268.117.wav,unlabelled
6.07E+00,1.05E+01,1.22E+01,D:\PhD-data\rinyirru-unlabelled\Rinyirru_DryA_20220808T180000+1000_REC_6456.198_6460.698.wav,unlabelled
1.11E+01,5.48E+00,1.20E+01,D:\PhD-data\rinyirru-unlabelled\Rinyirru_DryA_20220808T180000+1000_REC_6717.994_6722.494.wav,unlabelled
9.39E+00,8.22E+00,1.17E+01,D:\PhD-data\rinyirru-unlabelled\Rinyirru_DryA_20220808T180000+1000_REC_731.084_735.584.wav,unlabelled
-4.19E-01,6.87E+00,6.58E+00,D:\PhD-data\rinyirru-unlabelled\Rinyirru_DryA_20220808T200000+1000_REC_4512.861_4517.361.wav,unlabelled
-2.44E-01,6.77E+00,6.69E+00,D:\PhD-data\rinyirru-unlabelled\Rinyirru_DryA_20220808T200000+1000_REC_5223.699_5228.199.wav,unlabelled
-5.83E-01,6.78E+00,6.44E+00,D:\PhD-data\rinyirru-unlabelled\Rinyirru_DryA_20220808T200000+1000_REC_5692.685_5697.185.wav,unlabelled
-3.78E-01,7.50E+00,6.70E+00,D:\PhD-data\rinyirru-unlabelled\Rinyirru_DryA_20220808T200000+1000_REC_6849.71_6854.21.wav,unlabelled
-3.15E-01,7.62E+00,6.73E+00,D:\PhD-data\rinyirru-unlabelled\Rinyirru_DryA_20220808T220000+1000_REC_1176.193_1180.693.wav,unlabelled
-2.60E-01,8.02E+00,6.87E+00,D:\PhD-data\rinyirru-unlabelled\Rinyirru_DryA_20220808T220000+1000_REC_5049.766_5054.266.wav,unlabelled
-1.25E-01,8.05E+00,6.75E+00,D:\PhD-data\rinyirru-unlabelled\Rinyirru_DryA_20220808T220000+1000_REC_6098.037_6102.537.wav,unlabelled
3.59E+00,9.91E+00,1.02E+01,D:\PhD-data\rinyirru-unlabelled\Rinyirru_DryA_20220808T220000+1000_REC_993.814_998.314.wav,unlabelled
-2.45E-01,8.12E+00,6.94E+00,D:\PhD-data\rinyirru-unlabelled\Rinyirru_DryA_20220809T000000+1000_REC_1217.865_1222.365.wav,unlabelled
7.41E+00,9.56E+00,8.78E+00,D:\PhD-data\rinyirru-unlabelled\Rinyirru_DryA_20220809T000000+1000_REC_2650.68_2655.18.wav,unlabelled
5.54E-03,8.55E+00,6.97E+00,D:\PhD-data\rinyirru-unlabelled\Rinyirru_DryA_20220809T000000+1000_REC_3745.828_3750.328.wav,unlabelled
6.73E-02,8.64E+00,7.06E+00,D:\PhD-data\rinyirru-unlabelled\Rinyirru_DryA_20220809T000000+1000_REC_3810.891_3815.391.wav,unlabelled
3.11E-01,8.98E+00,7.12E+00,D:\PhD-data\rinyirru-unlabelled\Rinyirru_DryA_20220809T020000+1000_REC_148.212_152.712.wav,unlabelled
4.64E+00,1.05E+01,7.20E+00,D:\PhD-data\rinyirru-unlabelled\Rinyirru_DryA_20220809T020000+1000_REC_1845.001_1849.501.wav,unlabelled
7.51E+00,9.50E+00,8.76E+00,D:\PhD-data\rinyirru-unlabelled\Rinyirru_DryA_20220809T020000+1000_REC_3154.886_3159.386.wav,unlabelled
7.52E+00,9.49E+00,8.79E+00,D:\PhD-data\rinyirru-unlabelled\Rinyirru_DryA_20220809T020000+1000_REC_566.129_570.629.wav,unlabelled
5.53E+00,1.03E+01,8.49E+00,D:\PhD-data\rinyirru-unlabelled\Rinyirru_DryA_20220809T040000+1000_REC_1229.816_1234.316.wav,unlabelled
5.57E+00,1.04E+01,8.55E+00,D:\PhD-data\rinyirru-unlabelled\Rinyirru_DryA_20220809T040000+1000_REC_2508.542_2513.042.wav,unlabelled
5.41E+00,1.04E+01,8.40E+00,D:\PhD-data\rinyirru-unlabelled\Rinyirru_DryA_20220809T040000+1000_REC_3015.553_3020.053.wav,unlabelled
6.36E+00,9.86E+00,8.98E+00,D:\PhD-data\rinyirru-unlabelled\Rinyirru_DryA_20220809T040000+1000_REC_7142.02_7146.52.wav,unlabelled
4.51E+00,9.98E+00,1.12E+01,D:\PhD-data\rinyirru-unlabelled\Rinyirru_DryA_20220809T060000+1000_REC_4287.051_4291.551.wav,unlabelled
-3.95E-01,5.55E+00,6.53E+00,D:\PhD-data\rinyirru-unlabelled\Rinyirru_DryA_20220809T060000+1000_REC_4583.675_4588.175.wav,unlabelled
1.09E+01,6.32E+00,1.16E+01,D:\PhD-data\rinyirru-unlabelled\Rinyirru_DryA_20220809T060000+1000_REC_6559.171_6563.671.wav,unlabelled
6.63E+00,9.82E+00,1.08E+01,D:\PhD-data\rinyirru-unlabelled\Rinyirru_DryA_20220809T060000+1000_REC_7089.09_7093.59.wav,unlabelled
6.70E+00,1.02E+01,1.24E+01,D:\PhD-data\rinyirru-unlabelled\Rinyirru_DryA_20220809T080000+1000_REC_2750.33_2754.83.wav,unlabelled
7.89E+00,9.44E+00,1.19E+01,D:\PhD-data\rinyirru-unlabelled\Rinyirru_DryA_20220809T080000+1000_REC_437.095_441.595.wav,unlabelled
8.53E+00,8.95E+00,1.21E+01,D:\PhD-data\rinyirru-unlabelled\Rinyirru_DryA_20220809T080000+1000_REC_4416.776_4421.276.wav,unlabelled
9.01E+00,8.10E+00,1.22E+01,D:\PhD-data\rinyirru-unlabelled\Rinyirru_DryA_20220809T080000+1000_REC_452.089_456.589.wav,unlabelled
8.87E+00,8.52E+00,1.22E+01,D:\PhD-data\rinyirru-unlabelled\Rinyirru_DryA_20220809T100000+1000_REC_1292.503_1297.003.wav,unlabelled
1.11E+01,5.61E+00,1.20E+01,D:\PhD-data\rinyirru-unlabelled\Rinyirru_DryA_20220809T100000+1000_REC_2830.451_2834.951.wav,unlabelled
1.13E+01,5.22E+00,1.19E+01,D:\PhD-data\rinyirru-unlabelled\Rinyirru_DryA_20220809T100000+1000_REC_2962.878_2967.378.wav,unlabelled
1.09E+01,5.93E+00,1.20E+01,D:\PhD-data\rinyirru-unlabelled\Rinyirru_DryA_20220809T100000+1000_REC_6908.145_6912.645.wav,unlabelled
6.64E+00,9.93E+00,1.22E+01,D:\PhD-data\rinyirru-unlabelled\Rinyirru_DryA_20220809T120000+1000_REC_1157.627_1162.127.wav,unlabelled
8.28E+00,9.13E+00,1.19E+01,D:\PhD-data\rinyirru-unlabelled\Rinyirru_DryA_20220809T120000+1000_REC_6315.593_6320.093.wav,unlabelled
8.55E+00,8.96E+00,1.21E+01,D:\PhD-data\rinyirru-unlabelled\Rinyirru_DryA_20220809T120000+1000_REC_6835.503_6840.003.wav,unlabelled
6.86E+00,9.83E+00,1.23E+01,D:\PhD-data\rinyirru-unlabelled\Rinyirru_DryA_20220809T120000+1000_REC_7088.735_7093.235.wav,unlabelled
1.14E+01,5.20E+00,1.15E+01,D:\PhD-data\rinyirru-unlabelled\Rinyirru_DryA_20220809T140000+1000_REC_2239.614_2244.114.wav,unlabelled
1.14E+01,4.99E+00,1.15E+01,D:\PhD-data\rinyirru-unlabelled\Rinyirru_DryA_20220809T140000+1000_REC_2741.328_2745.828.wav,unlabelled
1.12E+01,5.46E+00,1.18E+01,D:\PhD-data\rinyirru-unlabelled\Rinyirru_DryA_20220809T140000+1000_REC_5910.964_5915.464.wav,unlabelled
9.32E+00,8.44E+00,1.18E+01,D:\PhD-data\rinyirru-unlabelled\Rinyirru_DryA_20220809T140000+1000_REC_851.13_855.63.wav,unlabelled
9.65E+00,8.29E+00,1.14E+01,D:\PhD-data\rinyirru-unlabelled\Rinyirru_DryA_20220809T160000+1000_REC_3256.232_3260.732.wav,unlabelled
6.62E+00,1.02E+01,1.24E+01,D:\PhD-data\rinyirru-unlabelled\Rinyirru_DryA_20220809T160000+1000_REC_3393.993_3398.493.wav,unlabelled
9.37E+00,7.83E+00,1.20E+01,D:\PhD-data\rinyirru-unlabelled\Rinyirru_DryA_20220809T160000+1000_REC_3508.799_3513.299.wav,unlabelled
8.84E+00,8.74E+00,1.20E+01,D:\PhD-data\rinyirru-unlabelled\Rinyirru_DryA_20220809T160000+1000_REC_4270.8_4275.3.wav,unlabelled
6.76E+00,1.03E+01,1.22E+01,D:\PhD-data\rinyirru-unlabelled\Rinyirru_DryA_20220809T180000+1000_REC_2806.919_2811.419.wav,unlabelled
8.48E+00,8.99E+00,1.21E+01,D:\PhD-data\rinyirru-unlabelled\Rinyirru_DryA_20220809T180000+1000_REC_3572.708_3577.208.wav,unlabelled
5.37E+00,1.06E+01,1.20E+01,D:\PhD-data\rinyirru-unlabelled\Rinyirru_DryA_20220809T180000+1000_REC_3686.822_3691.322.wav,unlabelled
8.94E+00,8.41E+00,1.22E+01,D:\PhD-data\rinyirru-unlabelled\Rinyirru_DryA_20220809T180000+1000_REC_4919.601_4924.101.wav,unlabelled
1.82E-01,7.43E+00,7.13E+00,D:\PhD-data\rinyirru-unlabelled\Rinyirru_DryA_20220809T200000+1000_REC_1935.233_1939.733.wav,unlabelled
1.30E-01,7.42E+00,7.08E+00,D:\PhD-data\rinyirru-unlabelled\Rinyirru_DryA_20220809T200000+1000_REC_3421.82_3426.32.wav,unlabelled
2.07E-01,7.38E+00,7.15E+00,D:\PhD-data\rinyirru-unlabelled\Rinyirru_DryA_20220809T200000+1000_REC_4177.741_4182.241.wav,unlabelled
1.81E-01,7.34E+00,7.12E+00,D:\PhD-data\rinyirru-unlabelled\Rinyirru_DryA_20220809T200000+1000_REC_6107.302_6111.802.wav,unlabelled
-6.45E-02,8.37E+00,6.88E+00,D:\PhD-data\rinyirru-unlabelled\Rinyirru_DryA_20220809T220000+1000_REC_3154.861_3159.361.wav,unlabelled
1.32E-01,8.37E+00,6.98E+00,D:\PhD-data\rinyirru-unlabelled\Rinyirru_DryA_20220809T220000+1000_REC_450.176_454.676.wav,unlabelled
2.16E-01,8.32E+00,7.05E+00,D:\PhD-data\rinyirru-unlabelled\Rinyirru_DryA_20220809T220000+1000_REC_5803.446_5807.946.wav,unlabelled
7.32E-02,8.32E+00,6.98E+00,D:\PhD-data\rinyirru-unlabelled\Rinyirru_DryA_20220809T220000+1000_REC_830.117_834.617.wav,unlabelled
9.32E+00,8.89E+00,1.04E+01,D:\PhD-data\rinyirru-unlabelled\Rinyirru_DryA_20220810T000000+1000_REC_2355.642_2360.142.wav,unlabelled
6.85E+00,9.72E+00,9.33E+00,D:\PhD-data\rinyirru-unlabelled\Rinyirru_DryA_20220810T000000+1000_REC_3226.107_3230.607.wav,unlabelled
7.97E-02,8.67E+00,7.02E+00,D:\PhD-data\rinyirru-unlabelled\Rinyirru_DryA_20220810T000000+1000_REC_42.922_47.422.wav,unlabelled
7.41E+00,9.64E+00,9.87E+00,D:\PhD-data\rinyirru-unlabelled\Rinyirru_DryA_20220810T000000+1000_REC_5456.44_5460.94.wav,unlabelled
7.31E+00,9.57E+00,9.72E+00,D:\PhD-data\rinyirru-unlabelled\Rinyirru_DryA_20220810T020000+1000_REC_1022.714_1027.214.wav,unlabelled
1.09E+01,6.60E+00,1.12E+01,D:\PhD-data\rinyirru-unlabelled\Rinyirru_DryA_20220810T020000+1000_REC_4108.07_4112.57.wav,unlabelled
1.01E+01,8.16E+00,1.09E+01,D:\PhD-data\rinyirru-unlabelled\Rinyirru_DryA_20220810T020000+1000_REC_58.981_63.481.wav,unlabelled
1.00E+01,8.19E+00,1.08E+01,D:\PhD-data\rinyirru-unlabelled\Rinyirru_DryA_20220810T020000+1000_REC_6804.605_6809.105.wav,unlabelled
5.24E+00,1.03E+01,8.20E+00,D:\PhD-data\rinyirru-unlabelled\Rinyirru_DryA_20220810T040000+1000_REC_2794.967_2799.467.wav,unlabelled
4.72E+00,1.05E+01,7.07E+00,D:\PhD-data\rinyirru-unlabelled\Rinyirru_DryA_20220810T040000+1000_REC_3669.484_3673.984.wav,unlabelled
7.56E+00,9.47E+00,1.10E+01,D:\PhD-data\rinyirru-unlabelled\Rinyirru_DryA_20220810T040000+1000_REC_45.697_50.197.wav,unlabelled
5.49E+00,1.04E+01,8.48E+00,D:\PhD-data\rinyirru-unlabelled\Rinyirru_DryA_20220810T040000+1000_REC_927.41_931.91.wav,unlabelled
5.04E+00,9.74E+00,1.13E+01,D:\PhD-data\rinyirru-unlabelled\Rinyirru_DryA_20220810T060000+1000_REC_1277.704_1282.204.wav,unlabelled
6.30E+00,9.61E+00,1.07E+01,D:\PhD-data\rinyirru-unlabelled\Rinyirru_DryA_20220810T060000+1000_REC_3582.811_3587.311.wav,unlabelled
6.58E+00,8.86E+00,1.12E+01,D:\PhD-data\rinyirru-unlabelled\Rinyirru_DryA_20220810T060000+1000_REC_6040.046_6044.546.wav,unlabelled
4.93E+00,9.78E+00,1.13E+01,D:\PhD-data\rinyirru-unlabelled\Rinyirru_DryA_20220810T060000+1000_REC_985.159_989.659.wav,unlabelled
6.09E+00,9.99E+00,1.05E+01,D:\PhD-data\rinyirru-unlabelled\Rinyirru_DryA_20220810T080000+1000_REC_1546.743_1551.243.wav,unlabelled
8.74E+00,8.71E+00,1.21E+01,D:\PhD-data\rinyirru-unlabelled\Rinyirru_DryA_20220810T080000+1000_REC_4015.205_4019.705.wav,unlabelled
7.02E+00,9.93E+00,1.22E+01,D:\PhD-data\rinyirru-unlabelled\Rinyirru_DryA_20220810T080000+1000_REC_6856.834_6861.334.wav,unlabelled
1.11E+01,5.53E+00,1.21E+01,D:\PhD-data\rinyirru-unlabelled\Rinyirru_DryA_20220810T080000+1000_REC_6985.647_6990.147.wav,unlabelled
1.11E+01,5.54E+00,1.21E+01,D:\PhD-data\rinyirru-unlabelled\Rinyirru_DryA_20220810T100000+1000_REC_1277.686_1282.186.wav,unlabelled
6.94E+00,1.00E+01,1.23E+01,D:\PhD-data\rinyirru-unlabelled\Rinyirru_DryA_20220810T100000+1000_REC_2031.161_2035.661.wav,unlabelled
8.58E+00,8.92E+00,1.20E+01,D:\PhD-data\rinyirru-unlabelled\Rinyirru_DryA_20220810T100000+1000_REC_5923.684_5928.184.wav,unlabelled
1.06E+01,6.67E+00,1.17E+01,D:\PhD-data\rinyirru-unlabelled\Rinyirru_DryA_20220810T100000+1000_REC_86.321_90.821.wav,unlabelled
6.02E+00,1.03E+01,1.21E+01,D:\PhD-data\rinyirru-unlabelled\Rinyirru_DryA_20220810T120000+1000_REC_1000.94_1005.44.wav,unlabelled
7.93E+00,9.36E+00,1.20E+01,D:\PhD-data\rinyirru-unlabelled\Rinyirru_DryA_20220810T120000+1000_REC_4993.459_4997.959.wav,unlabelled
9.25E+00,8.54E+00,1.18E+01,D:\PhD-data\rinyirru-unlabelled\Rinyirru_DryA_20220810T120000+1000_REC_5050.111_5054.611.wav,unlabelled
6.53E+00,1.04E+01,1.23E+01,D:\PhD-data\rinyirru-unlabelled\Rinyirru_DryA_20220810T120000+1000_REC_7123.677_7128.177.wav,unlabelled
6.73E+00,1.01E+01,1.22E+01,D:\PhD-data\rinyirru-unlabelled\Rinyirru_DryA_20220810T140000+1000_REC_1625.5_1630.wav,unlabelled
6.49E+00,1.05E+01,1.22E+01,D:\PhD-data\rinyirru-unlabelled\Rinyirru_DryA_20220810T140000+1000_REC_1875.416_1879.916.wav,unlabelled
1.06E+01,6.60E+00,1.13E+01,D:\PhD-data\rinyirru-unlabelled\Rinyirru_DryA_20220810T140000+1000_REC_1981.113_1985.613.wav,unlabelled
7.88E+00,9.41E+00,1.20E+01,D:\PhD-data\rinyirru-unlabelled\Rinyirru_DryA_20220810T140000+1000_REC_4172.527_4177.027.wav,unlabelled
6.29E+00,1.02E+01,1.23E+01,D:\PhD-data\rinyirru-unlabelled\Rinyirru_DryA_20220810T160000+1000_REC_2661.126_2665.626.wav,unlabelled
9.28E+00,8.29E+00,1.20E+01,D:\PhD-data\rinyirru-unlabelled\Rinyirru_DryA_20220810T160000+1000_REC_2935.34_2939.84.wav,unlabelled
7.05E+00,9.76E+00,1.23E+01,D:\PhD-data\rinyirru-unlabelled\Rinyirru_DryA_20220810T160000+1000_REC_2953.561_2958.061.wav,unlabelled
1.09E+01,6.00E+00,1.18E+01,D:\PhD-data\rinyirru-unlabelled\Rinyirru_DryA_20220810T160000+1000_REC_4077.123_4081.623.wav,unlabelled
6.42E+00,1.05E+01,1.22E+01,D:\PhD-data\rinyirru-unlabelled\Rinyirru_DryA_20220810T180000+1000_REC_2341.266_2345.766.wav,unlabelled
1.08E+01,6.24E+00,1.19E+01,D:\PhD-data\rinyirru-unlabelled\Rinyirru_DryA_20220810T180000+1000_REC_2700.35_2704.85.wav,unlabelled
9.51E+00,8.52E+00,1.15E+01,D:\PhD-data\rinyirru-unlabelled\Rinyirru_DryA_20220810T180000+1000_REC_2981.911_2986.411.wav,unlabelled
1.09E+01,6.02E+00,1.19E+01,D:\PhD-data\rinyirru-unlabelled\Rinyirru_DryA_20220810T180000+1000_REC_64.613_69.113.wav,unlabelled
2.09E-01,7.41E+00,7.13E+00,D:\PhD-data\rinyirru-unlabelled\Rinyirru_DryA_20220810T200000+1000_REC_4569.639_4574.139.wav,unlabelled
7.45E-03,8.47E+00,7.03E+00,D:\PhD-data\rinyirru-unlabelled\Rinyirru_DryA_20220810T200000+1000_REC_5402.267_5406.767.wav,unlabelled
1.03E-01,8.56E+00,7.06E+00,D:\PhD-data\rinyirru-unlabelled\Rinyirru_DryA_20220810T200000+1000_REC_6414.085_6418.585.wav,unlabelled
1.88E-01,8.90E+00,7.03E+00,D:\PhD-data\rinyirru-unlabelled\Rinyirru_DryA_20220810T200000+1000_REC_6480.638_6485.138.wav,unlabelled
7.27E-02,8.72E+00,7.03E+00,D:\PhD-data\rinyirru-unlabelled\Rinyirru_DryA_20220810T220000+1000_REC_1874.126_1878.626.wav,unlabelled
4.80E+00,1.00E+01,8.75E+00,D:\PhD-data\rinyirru-unlabelled\Rinyirru_DryA_20220810T220000+1000_REC_2804.467_2808.967.wav,unlabelled
3.12E-01,8.99E+00,7.15E+00,D:\PhD-data\rinyirru-unlabelled\Rinyirru_DryA_20220810T220000+1000_REC_4894.161_4898.661.wav,unlabelled
7.46E+00,9.53E+00,8.78E+00,D:\PhD-data\rinyirru-unlabelled\Rinyirru_DryA_20220810T220000+1000_REC_6487.816_6492.316.wav,unlabelled
7.41E+00,9.55E+00,8.76E+00,D:\PhD-data\rinyirru-unlabelled\Rinyirru_DryA_20220811T000000+1000_REC_3334.814_3339.314.wav,unlabelled
4.92E+00,1.03E+01,7.30E+00,D:\PhD-data\rinyirru-unlabelled\Rinyirru_DryA_20220811T000000+1000_REC_3862.315_3866.815.wav,unlabelled
7.12E+00,9.62E+00,9.54E+00,D:\PhD-data\rinyirru-unlabelled\Rinyirru_DryA_20220811T000000+1000_REC_6316.926_6321.426.wav,unlabelled
4.75E+00,1.01E+01,8.28E+00,D:\PhD-data\rinyirru-unlabelled\Rinyirru_DryA_20220811T000000+1000_REC_801.233_805.733.wav,unlabelled
7.30E+00,9.53E+00,9.18E+00,D:\PhD-data\rinyirru-unlabelled\Rinyirru_DryA_20220811T020000+1000_REC_2762.464_2766.964.wav,unlabelled
6.37E+00,8.87E+00,1.13E+01,D:\PhD-data\rinyirru-unlabelled\Rinyirru_DryA_20220811T020000+1000_REC_307.768_312.268.wav,unlabelled
7.43E+00,9.50E+00,8.96E+00,D:\PhD-data\rinyirru-unlabelled\Rinyirru_DryA_20220811T020000+1000_REC_3453.493_3457.993.wav,unlabelled
7.00E+00,9.64E+00,9.46E+00,D:\PhD-data\rinyirru-unlabelled\Rinyirru_DryA_20220811T020000+1000_REC_6868.304_6872.804.wav,unlabelled
4.75E+00,1.05E+01,7.34E+00,D:\PhD-data\rinyirru-unlabelled\Rinyirru_DryA_20220811T040000+1000_REC_1684.729_1689.229.wav,unlabelled
5.46E+00,1.00E+01,8.34E+00,D:\PhD-data\rinyirru-unlabelled\Rinyirru_DryA_20220811T040000+1000_REC_2462.39_2466.89.wav,unlabelled
6.67E+00,9.85E+00,9.39E+00,D:\PhD-data\rinyirru-unlabelled\Rinyirru_DryA_20220811T040000+1000_REC_4827.878_4832.378.wav,unlabelled
6.99E+00,9.67E+00,9.46E+00,D:\PhD-data\rinyirru-unlabelled\Rinyirru_DryA_20220811T040000+1000_REC_5691.782_5696.282.wav,unlabelled
6.66E+00,8.83E+00,1.12E+01,D:\PhD-data\rinyirru-unlabelled\Rinyirru_DryA_20220811T060000+1000_REC_1970.323_1974.823.wav,unlabelled
5.66E+00,9.52E+00,1.12E+01,D:\PhD-data\rinyirru-unlabelled\Rinyirru_DryA_20220811T060000+1000_REC_2629.001_2633.501.wav,unlabelled
6.61E+00,8.89E+00,1.12E+01,D:\PhD-data\rinyirru-unlabelled\Rinyirru_DryA_20220811T060000+1000_REC_2764.007_2768.507.wav,unlabelled
4.03E+00,1.01E+01,1.09E+01,D:\PhD-data\rinyirru-unlabelled\Rinyirru_DryA_20220811T060000+1000_REC_5165.12_5169.62.wav,unlabelled
9.41E+00,8.29E+00,1.17E+01,D:\PhD-data\rinyirru-unlabelled\Rinyirru_DryA_20220811T080000+1000_REC_2782.137_2786.637.wav,unlabelled
6.05E+00,1.02E+01,1.23E+01,D:\PhD-data\rinyirru-unlabelled\Rinyirru_DryA_20220811T080000+1000_REC_3137.458_3141.958.wav,unlabelled
8.93E+00,8.69E+00,1.20E+01,D:\PhD-data\rinyirru-unlabelled\Rinyirru_DryA_20220811T080000+1000_REC_4169.543_4174.043.wav,unlabelled
1.13E+01,5.05E+00,1.16E+01,D:\PhD-data\rinyirru-unlabelled\Rinyirru_DryA_20220811T080000+1000_REC_6335.742_6340.242.wav,unlabelled
1.08E+01,6.50E+00,1.17E+01,D:\PhD-data\rinyirru-unlabelled\Rinyirru_DryA_20220811T100000+1000_REC_252.05_256.55.wav,unlabelled
1.11E+01,5.53E+00,1.21E+01,D:\PhD-data\rinyirru-unlabelled\Rinyirru_DryA_20220811T100000+1000_REC_50.464_54.964.wav,unlabelled
6.83E+00,1.01E+01,1.22E+01,D:\PhD-data\rinyirru-unlabelled\Rinyirru_DryA_20220811T100000+1000_REC_6797.865_6802.365.wav,unlabelled
6.99E+00,9.91E+00,1.23E+01,D:\PhD-data\rinyirru-unlabelled\Rinyirru_DryA_20220811T100000+1000_REC_6814.211_6818.711.wav,unlabelled
7.23E+00,9.79E+00,1.23E+01,D:\PhD-data\rinyirru-unlabelled\Rinyirru_DryA_20220811T120000+1000_REC_1611.136_1615.636.wav,unlabelled
8.42E+00,8.56E+00,1.18E+01,D:\PhD-data\rinyirru-unlabelled\Rinyirru_DryA_20220811T120000+1000_REC_3276.979_3281.479.wav,unlabelled
1.11E+01,5.33E+00,1.19E+01,D:\PhD-data\rinyirru-unlabelled\Rinyirru_DryA_20220811T120000+1000_REC_481.491_485.991.wav,unlabelled
1.11E+01,5.52E+00,1.20E+01,D:\PhD-data\rinyirru-unlabelled\Rinyirru_DryA_20220811T120000+1000_REC_6213.71_6218.21.wav,unlabelled
8.44E+00,8.87E+00,1.17E+01,D:\PhD-data\rinyirru-unlabelled\Rinyirru_DryA_20220811T140000+1000_REC_2209.073_2213.573.wav,unlabelled
8.46E+00,8.91E+00,1.21E+01,D:\PhD-data\rinyirru-unlabelled\Rinyirru_DryA_20220811T140000+1000_REC_490.583_495.083.wav,unlabelled
1.05E+01,7.18E+00,1.14E+01,D:\PhD-data\rinyirru-unlabelled\Rinyirru_DryA_20220811T140000+1000_REC_559.326_563.826.wav,unlabelled
8.72E+00,8.68E+00,1.18E+01,D:\PhD-data\rinyirru-unlabelled\Rinyirru_DryA_20220811T140000+1000_REC_6043.417_6047.917.wav,unlabelled
7.76E+00,9.43E+00,1.15E+01,D:\PhD-data\rinyirru-unlabelled\Rinyirru_DryA_20220811T160000+1000_REC_4161.888_4166.388.wav,unlabelled
1.07E-01,7.21E+00,7.04E+00,D:\PhD-data\rinyirru-unlabelled\Rinyirru_DryA_20220811T160000+1000_REC_6512.367_6516.867.wav,unlabelled
1.01E+01,7.72E+00,1.15E+01,D:\PhD-data\rinyirru-unlabelled\Rinyirru_DryA_20220811T160000+1000_REC_6809.835_6814.335.wav,unlabelled
6.76E+00,9.55E+00,1.17E+01,D:\PhD-data\rinyirru-unlabelled\Rinyirru_DryA_20220811T160000+1000_REC_7116.033_7120.533.wav,unlabelled
9.10E+00,8.25E+00,1.20E+01,D:\PhD-data\rinyirru-unlabelled\Rinyirru_DryA_20220811T180000+1000_REC_1348.959_1353.459.wav,unlabelled
9.59E+00,8.29E+00,1.15E+01,D:\PhD-data\rinyirru-unlabelled\Rinyirru_DryA_20220811T180000+1000_REC_1650.192_1654.692.wav,unlabelled
8.26E+00,8.73E+00,1.17E+01,D:\PhD-data\rinyirru-unlabelled\Rinyirru_DryA_20220811T180000+1000_REC_4900.308_4904.808.wav,unlabelled
8.67E-02,7.20E+00,7.03E+00,D:\PhD-data\rinyirru-unlabelled\Rinyirru_DryA_20220811T180000+1000_REC_6451.142_6455.642.wav,unlabelled
-1.48E-01,8.00E+00,6.93E+00,D:\PhD-data\rinyirru-unlabelled\Rinyirru_DryA_20220811T200000+1000_REC_1980.418_1984.918.wav,unlabelled
-2.66E-01,7.68E+00,6.76E+00,D:\PhD-data\rinyirru-unlabelled\Rinyirru_DryA_20220811T200000+1000_REC_2319.192_2323.692.wav,unlabelled
-2.72E-01,7.81E+00,6.85E+00,D:\PhD-data\rinyirru-unlabelled\Rinyirru_DryA_20220811T200000+1000_REC_3020.939_3025.439.wav,unlabelled
-1.06E-01,8.17E+00,7.00E+00,D:\PhD-data\rinyirru-unlabelled\Rinyirru_DryA_20220811T200000+1000_REC_4722.624_4727.124.wav,unlabelled
3.05E-01,8.81E+00,7.09E+00,D:\PhD-data\rinyirru-unlabelled\Rinyirru_DryA_20220811T220000+1000_REC_349.867_354.367.wav,unlabelled
3.03E-01,8.91E+00,7.08E+00,D:\PhD-data\rinyirru-unlabelled\Rinyirru_DryA_20220811T220000+1000_REC_3791.632_3796.132.wav,unlabelled
4.34E+00,9.94E+00,1.10E+01,D:\PhD-data\rinyirru-unlabelled\Rinyirru_DryA_20220811T220000+1000_REC_5787.296_5791.796.wav,unlabelled
1.50E-01,8.79E+00,6.98E+00,D:\PhD-data\rinyirru-unlabelled\Rinyirru_DryA_20220811T220000+1000_REC_877.71_882.21.wav,unlabelled
7.22E+00,9.56E+00,9.23E+00,D:\PhD-data\rinyirru-unlabelled\Rinyirru_DryA_20220812T000000+1000_REC_2322.479_2326.979.wav,unlabelled
4.62E+00,1.06E+01,7.20E+00,D:\PhD-data\rinyirru-unlabelled\Rinyirru_DryA_20220812T000000+1000_REC_2696.897_2701.397.wav,unlabelled
7.43E+00,9.52E+00,9.01E+00,D:\PhD-data\rinyirru-unlabelled\Rinyirru_DryA_20220812T000000+1000_REC_4675.543_4680.043.wav,unlabelled
8.05E+00,9.32E+00,1.16E+01,D:\PhD-data\rinyirru-unlabelled\Rinyirru_DryA_20220812T000000+1000_REC_6519.306_6523.806.wav,unlabelled
8.46E+00,9.27E+00,1.06E+01,D:\PhD-data\rinyirru-unlabelled\Rinyirru_DryA_20220812T020000+1000_REC_3178.443_3182.943.wav,unlabelled
9.48E+00,8.75E+00,1.09E+01,D:\PhD-data\rinyirru-unlabelled\Rinyirru_DryA_20220812T020000+1000_REC_5031.488_5035.988.wav,unlabelled
9.23E+00,8.89E+00,1.12E+01,D:\PhD-data\rinyirru-unlabelled\Rinyirru_DryA_20220812T020000+1000_REC_6027.261_6031.761.wav,unlabelled
7.91E+00,9.39E+00,1.14E+01,D:\PhD-data\rinyirru-unlabelled\Rinyirru_DryA_20220812T020000+1000_REC_6208.034_6212.534.wav,unlabelled
5.54E+00,1.04E+01,8.66E+00,D:\PhD-data\rinyirru-unlabelled\Rinyirru_DryA_20220812T040000+1000_REC_3600.707_3605.207.wav,unlabelled
7.07E+00,9.73E+00,1.20E+01,D:\PhD-data\rinyirru-unlabelled\Rinyirru_DryA_20220812T040000+1000_REC_5376.63_5381.13.wav,unlabelled
9.27E+00,8.38E+00,1.20E+01,D:\PhD-data\rinyirru-unlabelled\Rinyirru_DryA_20220812T040000+1000_REC_6405.139_6409.639.wav,unlabelled
6.53E+00,1.01E+01,1.25E+01,D:\PhD-data\rinyirru-unlabelled\Rinyirru_DryA_20220812T040000+1000_REC_6576.988_6581.488.wav,unlabelled
6.27E+00,9.99E+00,1.20E+01,D:\PhD-data\rinyirru-unlabelled\Rinyirru_DryA_20220812T060000+1000_REC_2444.042_2448.542.wav,unlabelled
6.70E+00,9.58E+00,1.06E+01,D:\PhD-data\rinyirru-unlabelled\Rinyirru_DryA_20220812T060000+1000_REC_5101.682_5106.182.wav,unlabelled
1.03E+01,7.47E+00,1.14E+01,D:\PhD-data\rinyirru-unlabelled\Rinyirru_DryA_20220812T060000+1000_REC_6277.792_6282.292.wav,unlabelled
1.03E+01,7.57E+00,1.15E+01,D:\PhD-data\rinyirru-unlabelled\Rinyirru_DryA_20220812T060000+1000_REC_7041.31_7045.81.wav,unlabelled
1.04E+01,7.36E+00,1.13E+01,D:\PhD-data\rinyirru-unlabelled\Rinyirru_DryA_20220812T080000+1000_REC_1504.462_1508.962.wav,unlabelled
8.74E+00,8.62E+00,1.21E+01,D:\PhD-data\rinyirru-unlabelled\Rinyirru_DryA_20220812T080000+1000_REC_2819.448_2823.948.wav,unlabelled
1.07E+01,6.48E+00,1.17E+01,D:\PhD-data\rinyirru-unlabelled\Rinyirru_DryA_20220812T080000+1000_REC_4861.185_4865.685.wav,unlabelled
1.09E+01,5.94E+00,1.20E+01,D:\PhD-data\rinyirru-unlabelled\Rinyirru_DryA_20220812T080000+1000_REC_7059.003_7063.503.wav,unlabelled
1.15E+01,4.79E+00,1.09E+01,D:\PhD-data\rinyirru-unlabelled\Rinyirru_DryA_20220812T100000+1000_REC_2335.054_2339.554.wav,unlabelled
1.10E+01,5.93E+00,1.16E+01,D:\PhD-data\rinyirru-unlabelled\Rinyirru_DryA_20220812T100000+1000_REC_4283.223_4287.723.wav,unlabelled
9.60E+00,8.41E+00,1.03E+01,D:\PhD-data\rinyirru-unlabelled\Rinyirru_DryA_20220812T100000+1000_REC_4949.208_4953.708.wav,unlabelled
5.92E+00,1.04E+01,1.22E+01,D:\PhD-data\rinyirru-unlabelled\Rinyirru_DryA_20220812T100000+1000_REC_5375.747_5380.247.wav,unlabelled
9.25E+00,8.31E+00,1.20E+01,D:\PhD-data\rinyirru-unlabelled\Rinyirru_DryA_20220812T120000+1000_REC_2125.357_2129.857.wav,unlabelled
1.05E+01,7.18E+00,1.13E+01,D:\PhD-data\rinyirru-unlabelled\Rinyirru_DryA_20220812T120000+1000_REC_2693.691_2698.191.wav,unlabelled
6.68E+00,1.03E+01,1.22E+01,D:\PhD-data\rinyirru-unlabelled\Rinyirru_DryA_20220812T120000+1000_REC_3007.86_3012.36.wav,unlabelled
8.42E+00,8.98E+00,1.22E+01,D:\PhD-data\rinyirru-unlabelled\Rinyirru_DryA_20220812T120000+1000_REC_825.018_829.518.wav,unlabelled
9.17E+00,8.37E+00,1.21E+01,D:\PhD-data\rinyirru-unlabelled\Rinyirru_DryA_20220812T140000+1000_REC_1228.813_1233.313.wav,unlabelled
1.07E+01,6.60E+00,1.11E+01,D:\PhD-data\rinyirru-unlabelled\Rinyirru_DryA_20220812T140000+1000_REC_3591.738_3596.238.wav,unlabelled
1.12E+01,5.64E+00,1.08E+01,D:\PhD-data\rinyirru-unlabelled\Rinyirru_DryA_20220812T140000+1000_REC_4338.169_4342.669.wav,unlabelled
1.15E+01,4.91E+00,1.13E+01,D:\PhD-data\rinyirru-unlabelled\Rinyirru_DryA_20220812T140000+1000_REC_6232.671_6237.171.wav,unlabelled
1.01E+01,6.78E+00,1.08E+01,D:\PhD-data\rinyirru-unlabelled\Rinyirru_DryA_20220812T160000+1000_REC_3576.594_3581.094.wav,unlabelled
6.57E+00,9.87E+00,1.21E+01,D:\PhD-data\rinyirru-unlabelled\Rinyirru_DryA_20220812T160000+1000_REC_4719.186_4723.686.wav,unlabelled
1.10E+01,5.80E+00,1.19E+01,D:\PhD-data\rinyirru-unlabelled\Rinyirru_DryA_20220812T160000+1000_REC_7187.996_7192.496.wav,unlabelled
1.00E+01,8.02E+00,1.04E+01,D:\PhD-data\rinyirru-unlabelled\Rinyirru_DryA_20220812T160000+1000_REC_924.004_928.504.wav,unlabelled
6.18E+00,9.94E+00,1.05E+01,D:\PhD-data\rinyirru-unlabelled\Rinyirru_DryA_20220812T180000+1000_REC_2052.727_2057.227.wav,unlabelled
1.09E+01,6.33E+00,1.16E+01,D:\PhD-data\rinyirru-unlabelled\Rinyirru_DryA_20220812T180000+1000_REC_2486.917_2491.417.wav,unlabelled
-7.85E-01,6.42E+00,6.27E+00,D:\PhD-data\rinyirru-unlabelled\Rinyirru_DryA_20220812T180000+1000_REC_4625.956_4630.456.wav,unlabelled
6.04E+00,1.03E+01,1.22E+01,D:\PhD-data\rinyirru-unlabelled\Rinyirru_DryA_20220812T180000+1000_REC_57.8_62.3.wav,unlabelled
-1.05E-01,7.97E+00,6.75E+00,D:\PhD-data\rinyirru-unlabelled\Rinyirru_DryA_20220812T200000+1000_REC_3817.484_3821.984.wav,unlabelled
-1.25E-01,8.04E+00,6.90E+00,D:\PhD-data\rinyirru-unlabelled\Rinyirru_DryA_20220812T200000+1000_REC_4186.117_4190.617.wav,unlabelled
-1.38E-01,8.00E+00,6.91E+00,D:\PhD-data\rinyirru-unlabelled\Rinyirru_DryA_20220812T200000+1000_REC_4815.992_4820.492.wav,unlabelled
7.55E-03,8.45E+00,6.97E+00,D:\PhD-data\rinyirru-unlabelled\Rinyirru_DryA_20220812T200000+1000_REC_5971.995_5976.495.wav,unlabelled
1.48E-01,7.55E+00,7.11E+00,D:\PhD-data\rinyirru-unlabelled\Rinyirru_DryA_20220812T220000+1000_REC_190.872_195.372.wav,unlabelled
2.40E-01,7.34E+00,7.17E+00,D:\PhD-data\rinyirru-unlabelled\Rinyirru_DryA_20220812T220000+1000_REC_395.349_399.849.wav,unlabelled
4.81E+00,1.02E+01,7.92E+00,D:\PhD-data\rinyirru-unlabelled\Rinyirru_DryA_20220812T220000+1000_REC_7028.523_7033.023.wav,unlabelled
4.95E+00,1.01E+01,8.17E+00,D:\PhD-data\rinyirru-unlabelled\Rinyirru_DryA_20220812T220000+1000_REC_7029.976_7034.476.wav,unlabelled
6.61E+00,9.81E+00,9.27E+00,D:\PhD-data\rinyirru-unlabelled\Rinyirru_DryA_20220813T000000+1000_REC_3921.113_3925.613.wav,unlabelled
7.46E+00,9.50E+00,8.82E+00,D:\PhD-data\rinyirru-unlabelled\Rinyirru_DryA_20220813T000000+1000_REC_5916.265_5920.765.wav,unlabelled
6.81E+00,9.66E+00,9.17E+00,D:\PhD-data\rinyirru-unlabelled\Rinyirru_DryA_20220813T000000+1000_REC_6012.656_6017.156.wav,unlabelled
7.04E+00,9.65E+00,9.03E+00,D:\PhD-data\rinyirru-unlabelled\Rinyirru_DryA_20220813T000000+1000_REC_7102.159_7106.659.wav,unlabelled
5.78E+00,9.98E+00,8.63E+00,D:\PhD-data\rinyirru-unlabelled\Rinyirru_DryA_20220813T020000+1000_REC_3035.138_3039.638.wav,unlabelled
6.86E+00,9.68E+00,9.29E+00,D:\PhD-data\rinyirru-unlabelled\Rinyirru_DryA_20220813T020000+1000_REC_5270.374_5274.874.wav,unlabelled
7.15E+00,9.58E+00,9.53E+00,D:\PhD-data\rinyirru-unlabelled\Rinyirru_DryA_20220813T020000+1000_REC_6487.866_6492.366.wav,unlabelled
4.84E-01,9.09E+00,7.22E+00,D:\PhD-data\rinyirru-unlabelled\Rinyirru_DryA_20220813T020000+1000_REC_673.975_678.475.wav,unlabelled
7.15E+00,9.54E+00,9.44E+00,D:\PhD-data\rinyirru-unlabelled\Rinyirru_DryA_20220813T040000+1000_REC_1767.183_1771.683.wav,unlabelled
6.88E+00,9.73E+00,9.38E+00,D:\PhD-data\rinyirru-unlabelled\Rinyirru_DryA_20220813T040000+1000_REC_2986.036_2990.536.wav,unlabelled
7.15E+00,9.71E+00,9.65E+00,D:\PhD-data\rinyirru-unlabelled\Rinyirru_DryA_20220813T040000+1000_REC_3624.235_3628.735.wav,unlabelled
6.39E+00,9.10E+00,1.10E+01,D:\PhD-data\rinyirru-unlabelled\Rinyirru_DryA_20220813T040000+1000_REC_6330.723_6335.223.wav,unlabelled
4.99E+00,9.78E+00,1.13E+01,D:\PhD-data\rinyirru-unlabelled\Rinyirru_DryA_20220813T060000+1000_REC_293.539_298.039.wav,unlabelled
6.63E+00,8.95E+00,1.11E+01,D:\PhD-data\rinyirru-unlabelled\Rinyirru_DryA_20220813T060000+1000_REC_5014.165_5018.665.wav,unlabelled
-4.61E-01,5.58E+00,6.47E+00,D:\PhD-data\rinyirru-unlabelled\Rinyirru_DryA_20220813T060000+1000_REC_5930.316_5934.816.wav,unlabelled
6.80E+00,9.54E+00,1.07E+01,D:\PhD-data\rinyirru-unlabelled\Rinyirru_DryA_20220813T060000+1000_REC_6095.63_6100.13.wav,unlabelled
1.08E+01,6.08E+00,1.19E+01,D:\PhD-data\rinyirru-unlabelled\Rinyirru_DryA_20220813T080000+1000_REC_1655.397_1659.897.wav,unlabelled
1.11E+01,5.62E+00,1.19E+01,D:\PhD-data\rinyirru-unlabelled\Rinyirru_DryA_20220813T080000+1000_REC_1968.56_1973.06.wav,unlabelled
5.04E+00,9.88E+00,1.14E+01,D:\PhD-data\rinyirru-unlabelled\Rinyirru_DryA_20220813T080000+1000_REC_2826.65_2831.15.wav,unlabelled
8.97E+00,8.78E+00,1.18E+01,D:\PhD-data\rinyirru-unlabelled\Rinyirru_DryA_20220813T080000+1000_REC_4720.808_4725.308.wav,unlabelled
1.07E+01,6.55E+00,1.09E+01,D:\PhD-data\rinyirru-unlabelled\Rinyirru_DryA_20220813T100000+1000_REC_5687.625_5692.125.wav,unlabelled
1.06E+01,6.62E+00,1.14E+01,D:\PhD-data\rinyirru-unlabelled\Rinyirru_DryA_20220813T100000+1000_REC_5904.078_5908.578.wav,unlabelled
6.81E+00,1.00E+01,1.22E+01,D:\PhD-data\rinyirru-unlabelled\Rinyirru_DryA_20220813T100000+1000_REC_5978.076_5982.576.wav,unlabelled
8.68E+00,8.52E+00,1.12E+01,D:\PhD-data\rinyirru-unlabelled\Rinyirru_DryA_20220813T100000+1000_REC_610.599_615.099.wav,unlabelled
7.91E+00,9.38E+00,1.20E+01,D:\PhD-data\rinyirru-unlabelled\Rinyirru_DryA_20220813T120000+1000_REC_1894.157_1898.657.wav,unlabelled
1.06E+01,6.78E+00,1.13E+01,D:\PhD-data\rinyirru-unlabelled\Rinyirru_DryA_20220813T120000+1000_REC_4212.505_4217.005.wav,unlabelled
9.74E+00,8.51E+00,1.10E+01,D:\PhD-data\rinyirru-unlabelled\Rinyirru_DryA_20220813T120000+1000_REC_5580.453_5584.953.wav,unlabelled
9.00E+00,8.65E+00,1.19E+01,D:\PhD-data\rinyirru-unlabelled\Rinyirru_DryA_20220813T120000+1000_REC_7155.954_7160.454.wav,unlabelled
1.06E+01,6.79E+00,1.11E+01,D:\PhD-data\rinyirru-unlabelled\Rinyirru_DryA_20220813T140000+1000_REC_1535.85_1540.35.wav,unlabelled
8.49E+00,9.08E+00,1.08E+01,D:\PhD-data\rinyirru-unlabelled\Rinyirru_DryA_20220813T140000+1000_REC_2560.216_2564.716.wav,unlabelled
7.95E+00,9.18E+00,1.04E+01,D:\PhD-data\rinyirru-unlabelled\Rinyirru_DryA_20220813T140000+1000_REC_2722.957_2727.457.wav,unlabelled
5.93E+00,1.01E+01,1.22E+01,D:\PhD-data\rinyirru-unlabelled\Rinyirru_DryA_20220813T140000+1000_REC_5596.73_5601.23.wav,unlabelled
1.03E+01,7.23E+00,1.00E+01,D:\PhD-data\rinyirru-unlabelled\Rinyirru_DryA_20220813T160000+1000_REC_1212.428_1216.928.wav,unlabelled
1.04E+01,7.21E+00,9.56E+00,D:\PhD-data\rinyirru-unlabelled\Rinyirru_DryA_20220813T160000+1000_REC_2188.135_2192.635.wav,unlabelled
1.14E+01,4.94E+00,1.08E+01,D:\PhD-data\rinyirru-unlabelled\Rinyirru_DryA_20220813T160000+1000_REC_2449.677_2454.177.wav,unlabelled
1.05E+01,6.59E+00,1.12E+01,D:\PhD-data\rinyirru-unlabelled\Rinyirru_DryA_20220813T160000+1000_REC_4534.969_4539.469.wav,unlabelled
1.02E+01,7.66E+00,1.09E+01,D:\PhD-data\rinyirru-unlabelled\Rinyirru_DryA_20220813T180000+1000_REC_1763.153_1767.653.wav,unlabelled
8.66E+00,8.54E+00,9.73E+00,D:\PhD-data\rinyirru-unlabelled\Rinyirru_DryA_20220813T180000+1000_REC_3432.469_3436.969.wav,unlabelled
6.48E+00,9.00E+00,1.12E+01,D:\PhD-data\rinyirru-unlabelled\Rinyirru_DryA_20220813T180000+1000_REC_3448.884_3453.384.wav,unlabelled
-4.13E-01,6.14E+00,6.42E+00,D:\PhD-data\rinyirru-unlabelled\Rinyirru_DryA_20220813T180000+1000_REC_6253.424_6257.924.wav,unlabelled
-2.84E-01,7.69E+00,6.79E+00,D:\PhD-data\rinyirru-unlabelled\Rinyirru_DryA_20220813T200000+1000_REC_3727.938_3732.438.wav,unlabelled
-2.89E-01,8.16E+00,7.04E+00,D:\PhD-data\rinyirru-unlabelled\Rinyirru_DryA_20220813T200000+1000_REC_5446.967_5451.467.wav,unlabelled
-2.50E-01,8.01E+00,6.85E+00,D:\PhD-data\rinyirru-unlabelled\Rinyirru_DryA_20220813T200000+1000_REC_6151.017_6155.517.wav,unlabelled
-2.17E-01,8.23E+00,7.02E+00,D:\PhD-data\rinyirru-unlabelled\Rinyirru_DryA_20220813T200000+1000_REC_6433.773_6438.273.wav,unlabelled
8.61E-02,7.80E+00,7.09E+00,D:\PhD-data\rinyirru-unlabelled\Rinyirru_DryA_20220813T220000+1000_REC_1.948_6.448.wav,unlabelled
1.04E-01,8.64E+00,7.12E+00,D:\PhD-data\rinyirru-unlabelled\Rinyirru_DryA_20220813T220000+1000_REC_1369.95_1374.45.wav,unlabelled
2.48E-01,8.89E+00,7.11E+00,D:\PhD-data\rinyirru-unlabelled\Rinyirru_DryA_20220813T220000+1000_REC_4222.616_4227.116.wav,unlabelled
7.50E+00,9.49E+00,8.77E+00,D:\PhD-data\rinyirru-unlabelled\Rinyirru_DryA_20220813T220000+1000_REC_6983.383_6987.883.wav,unlabelled
4.98E+00,1.03E+01,7.51E+00,D:\PhD-data\rinyirru-unlabelled\Rinyirru_DryA_20220814T000000+1000_REC_2851.306_2855.806.wav,unlabelled
5.14E+00,1.02E+01,7.66E+00,D:\PhD-data\rinyirru-unlabelled\Rinyirru_DryA_20220814T000000+1000_REC_3426.019_3430.519.wav,unlabelled
4.89E+00,1.04E+01,7.40E+00,D:\PhD-data\rinyirru-unlabelled\Rinyirru_DryA_20220814T000000+1000_REC_4409.177_4413.677.wav,unlabelled
5.88E+00,9.99E+00,8.68E+00,D:\PhD-data\rinyirru-unlabelled\Rinyirru_DryA_20220814T000000+1000_REC_5652.878_5657.378.wav,unlabelled
5.95E+00,1.01E+01,1.05E+01,D:\PhD-data\rinyirru-unlabelled\Rinyirru_DryA_20220814T020000+1000_REC_4035.249_4039.749.wav,unlabelled
6.24E+00,9.94E+00,9.42E+00,D:\PhD-data\rinyirru-unlabelled\Rinyirru_DryA_20220814T020000+1000_REC_6175.712_6180.212.wav,unlabelled
7.42E+00,9.54E+00,8.79E+00,D:\PhD-data\rinyirru-unlabelled\Rinyirru_DryA_20220814T020000+1000_REC_6928.372_6932.872.wav,unlabelled
5.74E+00,1.01E+01,8.66E+00,D:\PhD-data\rinyirru-unlabelled\Rinyirru_DryA_20220814T020000+1000_REC_963.522_968.022.wav,unlabelled
6.44E+00,9.87E+00,9.18E+00,D:\PhD-data\rinyirru-unlabelled\Rinyirru_DryA_20220814T040000+1000_REC_1663.5_1668.wav,unlabelled
6.33E+00,9.94E+00,9.22E+00,D:\PhD-data\rinyirru-unlabelled\Rinyirru_DryA_20220814T040000+1000_REC_3165.702_3170.202.wav,unlabelled
7.26E+00,9.52E+00,9.41E+00,D:\PhD-data\rinyirru-unlabelled\Rinyirru_DryA_20220814T040000+1000_REC_376.438_380.938.wav,unlabelled
4.65E+00,1.05E+01,7.12E+00,D:\PhD-data\rinyirru-unlabelled\Rinyirru_DryA_20220814T040000+1000_REC_5032.967_5037.467.wav,unlabelled
4.88E+00,9.82E+00,1.12E+01,D:\PhD-data\rinyirru-unlabelled\Rinyirru_DryA_20220814T060000+1000_REC_1182.697_1187.197.wav,unlabelled
6.50E+00,8.99E+00,1.11E+01,D:\PhD-data\rinyirru-unlabelled\Rinyirru_DryA_20220814T060000+1000_REC_3231.326_3235.826.wav,unlabelled
6.59E+00,8.86E+00,1.12E+01,D:\PhD-data\rinyirru-unlabelled\Rinyirru_DryA_20220814T060000+1000_REC_6002.264_6006.764.wav,unlabelled
6.74E+00,8.86E+00,1.12E+01,D:\PhD-data\rinyirru-unlabelled\Rinyirru_DryA_20220814T060000+1000_REC_67.013_71.513.wav,unlabelled
6.03E+00,9.92E+00,1.05E+01,D:\PhD-data\rinyirru-unlabelled\Rinyirru_DryA_20220814T080000+1000_REC_1681.998_1686.498.wav,unlabelled
6.63E+00,1.06E+01,1.15E+01,D:\PhD-data\rinyirru-unlabelled\Rinyirru_DryA_20220814T080000+1000_REC_3086.53_3091.03.wav,unlabelled
6.39E+00,9.75E+00,1.16E+01,D:\PhD-data\rinyirru-unlabelled\Rinyirru_DryA_20220814T080000+1000_REC_356.548_361.048.wav,unlabelled
1.04E+01,7.42E+00,1.12E+01,D:\PhD-data\rinyirru-unlabelled\Rinyirru_DryA_20220814T080000+1000_REC_7140.112_7144.612.wav,unlabelled
9.62E+00,8.54E+00,1.07E+01,D:\PhD-data\rinyirru-unlabelled\Rinyirru_DryA_20220814T100000+1000_REC_1394.604_1399.104.wav,unlabelled
8.87E+00,8.19E+00,1.21E+01,D:\PhD-data\rinyirru-unlabelled\Rinyirru_DryA_20220814T100000+1000_REC_1518.798_1523.298.wav,unlabelled
5.95E+00,1.02E+01,1.23E+01,D:\PhD-data\rinyirru-unlabelled\Rinyirru_DryA_20220814T100000+1000_REC_2455.945_2460.445.wav,unlabelled
7.36E+00,9.40E+00,1.04E+01,D:\PhD-data\rinyirru-unlabelled\Rinyirru_DryA_20220814T100000+1000_REC_4027.257_4031.757.wav,unlabelled
1.04E+01,7.30E+00,1.14E+01,D:\PhD-data\rinyirru-unlabelled\Rinyirru_DryA_20220814T120000+1000_REC_1539.106_1543.606.wav,unlabelled
6.36E+00,8.93E+00,1.13E+01,D:\PhD-data\rinyirru-unlabelled\Rinyirru_DryA_20220814T120000+1000_REC_3892.161_3896.661.wav,unlabelled
6.59E+00,9.88E+00,1.21E+01,D:\PhD-data\rinyirru-unlabelled\Rinyirru_DryA_20220814T120000+1000_REC_4654.482_4658.982.wav,unlabelled
3.79E+00,9.97E+00,1.04E+01,D:\PhD-data\rinyirru-unlabelled\Rinyirru_DryA_20220814T120000+1000_REC_5910.839_5915.339.wav,unlabelled
7.70E+00,9.36E+00,9.91E+00,D:\PhD-data\rinyirru-unlabelled\Rinyirru_DryA_20220814T140000+1000_REC_2152.651_2157.151.wav,unlabelled
1.02E+01,7.62E+00,1.06E+01,D:\PhD-data\rinyirru-unlabelled\Rinyirru_DryA_20220814T140000+1000_REC_2264.958_2269.458.wav,unlabelled
1.02E+01,7.54E+00,1.08E+01,D:\PhD-data\rinyirru-unlabelled\Rinyirru_DryA_20220814T140000+1000_REC_2509.784_2514.284.wav,unlabelled
9.10E+00,8.82E+00,1.03E+01,D:\PhD-data\rinyirru-unlabelled\Rinyirru_DryA_20220814T140000+1000_REC_5444.24_5448.74.wav,unlabelled
4.17E+00,1.01E+01,1.11E+01,D:\PhD-data\rinyirru-unlabelled\Rinyirru_DryA_20221023T000006+1000_REC_1618.722_1623.222.wav,unlabelled
4.19E+00,1.01E+01,1.10E+01,D:\PhD-data\rinyirru-unlabelled\Rinyirru_DryA_20221023T000006+1000_REC_3822.095_3826.595.wav,unlabelled
4.10E+00,1.01E+01,1.10E+01,D:\PhD-data\rinyirru-unlabelled\Rinyirru_DryA_20221023T000006+1000_REC_407.039_411.539.wav,unlabelled
4.18E+00,1.00E+01,1.10E+01,D:\PhD-data\rinyirru-unlabelled\Rinyirru_DryA_20221023T000006+1000_REC_4329.181_4333.681.wav,unlabelled
4.18E+00,1.00E+01,1.10E+01,D:\PhD-data\rinyirru-unlabelled\Rinyirru_DryA_20221023T020000+1000_REC_1157.999_1162.499.wav,unlabelled
4.10E+00,1.01E+01,1.10E+01,D:\PhD-data\rinyirru-unlabelled\Rinyirru_DryA_20221023T020000+1000_REC_3705.808_3710.308.wav,unlabelled
4.15E+00,1.00E+01,1.09E+01,D:\PhD-data\rinyirru-unlabelled\Rinyirru_DryA_20221023T020000+1000_REC_6198.652_6203.152.wav,unlabelled
4.13E+00,1.01E+01,1.10E+01,D:\PhD-data\rinyirru-unlabelled\Rinyirru_DryA_20221023T020000+1000_REC_6211.512_6216.012.wav,unlabelled
4.02E+00,1.02E+01,1.09E+01,D:\PhD-data\rinyirru-unlabelled\Rinyirru_DryA_20221023T040000+1000_REC_2506.099_2510.599.wav,unlabelled
4.11E+00,1.01E+01,1.11E+01,D:\PhD-data\rinyirru-unlabelled\Rinyirru_DryA_20221023T040000+1000_REC_2771.602_2776.102.wav,unlabelled
4.14E+00,1.01E+01,1.10E+01,D:\PhD-data\rinyirru-unlabelled\Rinyirru_DryA_20221023T040000+1000_REC_2857.508_2862.008.wav,unlabelled
4.06E+00,1.02E+01,1.09E+01,D:\PhD-data\rinyirru-unlabelled\Rinyirru_DryA_20221023T040000+1000_REC_5152.398_5156.898.wav,unlabelled
8.08E+00,8.25E+00,1.05E+01,D:\PhD-data\rinyirru-unlabelled\Rinyirru_DryA_20221023T060000+1000_REC_2822.291_2826.791.wav,unlabelled
7.86E+00,8.59E+00,1.03E+01,D:\PhD-data\rinyirru-unlabelled\Rinyirru_DryA_20221023T060000+1000_REC_4723.884_4728.384.wav,unlabelled
4.19E+00,1.00E+01,1.10E+01,D:\PhD-data\rinyirru-unlabelled\Rinyirru_DryA_20221023T060000+1000_REC_5371.517_5376.017.wav,unlabelled
7.97E+00,9.12E+00,1.04E+01,D:\PhD-data\rinyirru-unlabelled\Rinyirru_DryA_20221023T060000+1000_REC_6320.567_6325.067.wav,unlabelled
9.28E+00,8.46E+00,9.91E+00,D:\PhD-data\rinyirru-unlabelled\Rinyirru_DryA_20221023T080000+1000_REC_1586.815_1591.315.wav,unlabelled
8.69E+00,8.50E+00,9.74E+00,D:\PhD-data\rinyirru-unlabelled\Rinyirru_DryA_20221023T080000+1000_REC_203.858_208.358.wav,unlabelled
9.74E+00,7.52E+00,9.29E+00,D:\PhD-data\rinyirru-unlabelled\Rinyirru_DryA_20221023T080000+1000_REC_2517.24_2521.74.wav,unlabelled
9.58E+00,8.05E+00,9.56E+00,D:\PhD-data\rinyirru-unlabelled\Rinyirru_DryA_20221023T080000+1000_REC_2552.72_2557.22.wav,unlabelled
5.59E+00,1.02E+01,1.20E+01,D:\PhD-data\rinyirru-unlabelled\Rinyirru_DryA_20221023T114321+1000_REC_383.855_388.355.wav,unlabelled
1.13E+01,5.32E+00,1.06E+01,D:\PhD-data\rinyirru-unlabelled\Rinyirru_DryA_20221023T114321+1000_REC_441.112_445.612.wav,unlabelled
1.04E+01,7.37E+00,9.64E+00,D:\PhD-data\rinyirru-unlabelled\Rinyirru_DryA_20221023T114321+1000_REC_617.456_621.956.wav,unlabelled
5.19E+00,1.07E+01,1.19E+01,D:\PhD-data\rinyirru-unlabelled\Rinyirru_DryA_20221023T114321+1000_REC_861.721_866.221.wav,unlabelled
1.03E+01,7.41E+00,9.65E+00,D:\PhD-data\rinyirru-unlabelled\Rinyirru_DryA_20221023T120000+1000_REC_203.548_208.048.wav,unlabelled
7.10E+00,9.54E+00,1.07E+01,D:\PhD-data\rinyirru-unlabelled\Rinyirru_DryA_20221023T120000+1000_REC_3700.337_3704.837.wav,unlabelled
1.12E+01,6.00E+00,1.05E+01,D:\PhD-data\rinyirru-unlabelled\Rinyirru_DryA_20221023T120000+1000_REC_4740.415_4744.915.wav,unlabelled
5.30E+00,1.07E+01,1.19E+01,D:\PhD-data\rinyirru-unlabelled\Rinyirru_DryA_20221023T120000+1000_REC_5364.732_5369.232.wav,unlabelled
1.12E+01,5.57E+00,1.15E+01,D:\PhD-data\rinyirru-unlabelled\Rinyirru_DryA_20221023T140000+1000_REC_3172.174_3176.674.wav,unlabelled
9.46E+00,8.71E+00,1.11E+01,D:\PhD-data\rinyirru-unlabelled\Rinyirru_DryA_20221023T140000+1000_REC_4884.649_4889.149.wav,unlabelled
1.14E+01,5.06E+00,1.15E+01,D:\PhD-data\rinyirru-unlabelled\Rinyirru_DryA_20221023T140000+1000_REC_4966.479_4970.979.wav,unlabelled
1.15E+01,4.95E+00,1.09E+01,D:\PhD-data\rinyirru-unlabelled\Rinyirru_DryA_20221023T140000+1000_REC_5263.677_5268.177.wav,unlabelled
1.02E+01,7.54E+00,1.10E+01,D:\PhD-data\rinyirru-unlabelled\Rinyirru_DryA_20221023T160000+1000_REC_2019.195_2023.695.wav,unlabelled
1.13E+01,5.19E+00,1.07E+01,D:\PhD-data\rinyirru-unlabelled\Rinyirru_DryA_20221023T160000+1000_REC_215.817_220.317.wav,unlabelled
1.08E+01,6.34E+00,1.04E+01,D:\PhD-data\rinyirru-unlabelled\Rinyirru_DryA_20221023T160000+1000_REC_2679.866_2684.366.wav,unlabelled
9.02E+00,7.47E+00,1.03E+01,D:\PhD-data\rinyirru-unlabelled\Rinyirru_DryA_20221023T160000+1000_REC_6985.229_6989.729.wav,unlabelled
9.69E+00,7.07E+00,1.06E+01,D:\PhD-data\rinyirru-unlabelled\Rinyirru_DryA_20221023T180000+1000_REC_1521.1_1525.6.wav,unlabelled
1.12E+01,5.90E+00,1.05E+01,D:\PhD-data\rinyirru-unlabelled\Rinyirru_DryA_20221023T180000+1000_REC_3030.215_3034.715.wav,unlabelled
1.01E+01,8.24E+00,1.08E+01,D:\PhD-data\rinyirru-unlabelled\Rinyirru_DryA_20221023T180000+1000_REC_4369.302_4373.802.wav,unlabelled
-1.45E-01,4.50E+00,6.04E+00,D:\PhD-data\rinyirru-unlabelled\Rinyirru_DryA_20221023T180000+1000_REC_6193.574_6198.074.wav,unlabelled
-7.19E-01,4.81E+00,6.07E+00,D:\PhD-data\rinyirru-unlabelled\Rinyirru_DryA_20221023T200000+1000_REC_1033.561_1038.061.wav,unlabelled
-7.70E-01,4.81E+00,5.99E+00,D:\PhD-data\rinyirru-unlabelled\Rinyirru_DryA_20221023T200000+1000_REC_1621.944_1626.444.wav,unlabelled
-8.88E-01,5.00E+00,6.10E+00,D:\PhD-data\rinyirru-unlabelled\Rinyirru_DryA_20221023T200000+1000_REC_2160.157_2164.657.wav,unlabelled
-9.63E-01,5.27E+00,5.96E+00,D:\PhD-data\rinyirru-unlabelled\Rinyirru_DryA_20221023T200000+1000_REC_6030.459_6034.959.wav,unlabelled
-1.18E+00,5.99E+00,5.86E+00,D:\PhD-data\rinyirru-unlabelled\Rinyirru_DryA_20221023T220000+1000_REC_1380.226_1384.726.wav,unlabelled
-8.11E-01,6.02E+00,6.26E+00,D:\PhD-data\rinyirru-unlabelled\Rinyirru_DryA_20221023T220000+1000_REC_4600.134_4604.634.wav,unlabelled
-9.18E-01,6.04E+00,6.22E+00,D:\PhD-data\rinyirru-unlabelled\Rinyirru_DryA_20221023T220000+1000_REC_6373.952_6378.452.wav,unlabelled
-1.30E+00,6.30E+00,5.92E+00,D:\PhD-data\rinyirru-unlabelled\Rinyirru_DryA_20221023T220000+1000_REC_7089.396_7093.896.wav,unlabelled
7.55E+00,9.35E+00,1.10E+01,D:\PhD-data\rinyirru-unlabelled\Rinyirru_DryA_20221024T000000+1000_REC_2723.026_2727.526.wav,unlabelled
6.59E+00,9.85E+00,9.30E+00,D:\PhD-data\rinyirru-unlabelled\Rinyirru_DryA_20221024T000000+1000_REC_3345.97_3350.47.wav,unlabelled
-4.64E-01,5.67E+00,6.44E+00,D:\PhD-data\rinyirru-unlabelled\Rinyirru_DryA_20221024T000000+1000_REC_4754.036_4758.536.wav,unlabelled
5.16E+00,1.00E+01,8.98E+00,D:\PhD-data\rinyirru-unlabelled\Rinyirru_DryA_20221024T000000+1000_REC_5244.255_5248.755.wav,unlabelled
3.67E+00,9.92E+00,1.04E+01,D:\PhD-data\rinyirru-unlabelled\Rinyirru_DryA_20221024T020000+1000_REC_230.445_234.945.wav,unlabelled
4.80E+00,1.04E+01,7.10E+00,D:\PhD-data\rinyirru-unlabelled\Rinyirru_DryA_20221024T020000+1000_REC_5057.635_5062.135.wav,unlabelled
4.59E+00,1.06E+01,6.98E+00,D:\PhD-data\rinyirru-unlabelled\Rinyirru_DryA_20221024T020000+1000_REC_6067.447_6071.947.wav,unlabelled
5.47E+00,1.02E+01,8.40E+00,D:\PhD-data\rinyirru-unlabelled\Rinyirru_DryA_20221024T020000+1000_REC_7119.967_7124.467.wav,unlabelled
4.62E+00,1.05E+01,7.05E+00,D:\PhD-data\rinyirru-unlabelled\Rinyirru_DryA_20221024T040000+1000_REC_1116.009_1120.509.wav,unlabelled
4.94E+00,1.03E+01,7.30E+00,D:\PhD-data\rinyirru-unlabelled\Rinyirru_DryA_20221024T040000+1000_REC_2413.54_2418.04.wav,unlabelled
6.52E+00,9.31E+00,1.07E+01,D:\PhD-data\rinyirru-unlabelled\Rinyirru_DryA_20221024T040000+1000_REC_4897.091_4901.591.wav,unlabelled
4.85E+00,1.04E+01,7.05E+00,D:\PhD-data\rinyirru-unlabelled\Rinyirru_DryA_20221024T040000+1000_REC_601.611_606.111.wav,unlabelled
-4.53E-01,5.38E+00,6.48E+00,D:\PhD-data\rinyirru-unlabelled\Rinyirru_DryA_20221024T060000+1000_REC_2135.824_2140.324.wav,unlabelled
5.54E+00,9.62E+00,1.13E+01,D:\PhD-data\rinyirru-unlabelled\Rinyirru_DryA_20221024T060000+1000_REC_3987.077_3991.577.wav,unlabelled
9.04E+00,8.56E+00,9.81E+00,D:\PhD-data\rinyirru-unlabelled\Rinyirru_DryA_20221024T060000+1000_REC_506.341_510.841.wav,unlabelled
7.69E+00,8.94E+00,1.10E+01,D:\PhD-data\rinyirru-unlabelled\Rinyirru_DryA_20221024T060000+1000_REC_637.727_642.227.wav,unlabelled
9.54E+00,7.80E+00,9.30E+00,D:\PhD-data\rinyirru-unlabelled\Rinyirru_DryA_20221024T080000+1000_REC_2498.796_2503.296.wav,unlabelled
9.74E+00,7.48E+00,9.38E+00,D:\PhD-data\rinyirru-unlabelled\Rinyirru_DryA_20221024T080000+1000_REC_5189.888_5194.388.wav,unlabelled
9.70E+00,8.44E+00,1.06E+01,D:\PhD-data\rinyirru-unlabelled\Rinyirru_DryA_20221024T080000+1000_REC_6442.686_6447.186.wav,unlabelled
9.87E+00,8.06E+00,9.90E+00,D:\PhD-data\rinyirru-unlabelled\Rinyirru_DryA_20221024T080000+1000_REC_6870.514_6875.014.wav,unlabelled
9.49E+00,7.85E+00,9.41E+00,D:\PhD-data\rinyirru-unlabelled\Rinyirru_DryA_20221024T100000+1000_REC_1636.899_1641.399.wav,unlabelled
1.08E+01,6.77E+00,1.09E+01,D:\PhD-data\rinyirru-unlabelled\Rinyirru_DryA_20221024T100000+1000_REC_5687.965_5692.465.wav,unlabelled
1.05E+01,7.30E+00,1.11E+01,D:\PhD-data\rinyirru-unlabelled\Rinyirru_DryA_20221024T100000+1000_REC_6209.264_6213.764.wav,unlabelled
1.11E+01,6.25E+00,1.07E+01,D:\PhD-data\rinyirru-unlabelled\Rinyirru_DryA_20221024T100000+1000_REC_6302.423_6306.923.wav,unlabelled
9.74E+00,8.25E+00,1.14E+01,D:\PhD-data\rinyirru-unlabelled\Rinyirru_DryA_20221024T120000+1000_REC_282.386_286.886.wav,unlabelled
9.80E+00,8.47E+00,1.09E+01,D:\PhD-data\rinyirru-unlabelled\Rinyirru_DryA_20221024T120000+1000_REC_322.677_327.177.wav,unlabelled
7.51E+00,9.38E+00,1.02E+01,D:\PhD-data\rinyirru-unlabelled\Rinyirru_DryA_20221024T120000+1000_REC_5062.713_5067.213.wav,unlabelled
1.12E+01,6.04E+00,1.06E+01,D:\PhD-data\rinyirru-unlabelled\Rinyirru_DryA_20221024T120000+1000_REC_6767.774_6772.274.wav,unlabelled
1.13E+01,5.10E+00,1.16E+01,D:\PhD-data\rinyirru-unlabelled\Rinyirru_DryA_20221024T140000+1000_REC_3218.728_3223.228.wav,unlabelled
1.09E+01,6.31E+00,1.07E+01,D:\PhD-data\rinyirru-unlabelled\Rinyirru_DryA_20221024T140000+1000_REC_5599.328_5603.828.wav,unlabelled
1.13E+01,5.82E+00,1.04E+01,D:\PhD-data\rinyirru-unlabelled\Rinyirru_DryA_20221024T140000+1000_REC_6132.233_6136.733.wav,unlabelled
1.14E+01,5.27E+00,1.06E+01,D:\PhD-data\rinyirru-unlabelled\Rinyirru_DryA_20221024T140000+1000_REC_6313.168_6317.668.wav,unlabelled
1.15E+01,4.96E+00,1.12E+01,D:\PhD-data\rinyirru-unlabelled\Rinyirru_DryA_20221024T160000+1000_REC_1354.409_1358.909.wav,unlabelled
1.00E+01,8.18E+00,1.06E+01,D:\PhD-data\rinyirru-unlabelled\Rinyirru_DryA_20221024T160000+1000_REC_2184.38_2188.88.wav,unlabelled
8.69E+00,7.93E+00,9.86E+00,D:\PhD-data\rinyirru-unlabelled\Rinyirru_DryA_20221024T160000+1000_REC_6326.799_6331.299.wav,unlabelled
8.68E+00,8.04E+00,9.90E+00,D:\PhD-data\rinyirru-unlabelled\Rinyirru_DryA_20221024T160000+1000_REC_6857.214_6861.714.wav,unlabelled
9.81E+00,7.31E+00,9.54E+00,D:\PhD-data\rinyirru-unlabelled\Rinyirru_DryA_20221024T180000+1000_REC_1846.73_1851.23.wav,unlabelled
9.80E+00,7.38E+00,9.50E+00,D:\PhD-data\rinyirru-unlabelled\Rinyirru_DryA_20221024T180000+1000_REC_1865.694_1870.194.wav,unlabelled
9.57E+00,7.14E+00,1.06E+01,D:\PhD-data\rinyirru-unlabelled\Rinyirru_DryA_20221024T180000+1000_REC_351.726_356.226.wav,unlabelled
9.90E+00,8.45E+00,1.09E+01,D:\PhD-data\rinyirru-unlabelled\Rinyirru_DryA_20221024T180000+1000_REC_3684.292_3688.792.wav,unlabelled
-7.58E-01,4.76E+00,6.01E+00,D:\PhD-data\rinyirru-unlabelled\Rinyirru_DryA_20221024T200000+1000_REC_3329.175_3333.675.wav,unlabelled
-1.76E-01,4.45E+00,6.01E+00,D:\PhD-data\rinyirru-unlabelled\Rinyirru_DryA_20221024T200000+1000_REC_544.227_548.727.wav,unlabelled
-1.08E+00,5.67E+00,5.83E+00,D:\PhD-data\rinyirru-unlabelled\Rinyirru_DryA_20221024T200000+1000_REC_6257.423_6261.923.wav,unlabelled
-5.77E-01,5.20E+00,6.39E+00,D:\PhD-data\rinyirru-unlabelled\Rinyirru_DryA_20221024T200000+1000_REC_7032.15_7036.65.wav,unlabelled
-1.01E+00,5.44E+00,5.87E+00,D:\PhD-data\rinyirru-unlabelled\Rinyirru_DryA_20221024T220000+1000_REC_3176.032_3180.532.wav,unlabelled
5.00E+00,1.03E+01,7.87E+00,D:\PhD-data\rinyirru-unlabelled\Rinyirru_DryA_20221024T220000+1000_REC_6828.272_6832.772.wav,unlabelled
-6.62E-01,5.13E+00,6.30E+00,D:\PhD-data\rinyirru-unlabelled\Rinyirru_DryA_20221024T220000+1000_REC_848.864_853.364.wav,unlabelled
-8.52E-01,5.04E+00,6.11E+00,D:\PhD-data\rinyirru-unlabelled\Rinyirru_DryA_20221024T220000+1000_REC_990.702_995.202.wav,unlabelled
-6.78E-01,5.86E+00,6.40E+00,D:\PhD-data\rinyirru-unlabelled\Rinyirru_DryA_20221025T000000+1000_REC_1971.513_1976.013.wav,unlabelled
-9.30E-01,6.09E+00,6.10E+00,D:\PhD-data\rinyirru-unlabelled\Rinyirru_DryA_20221025T000000+1000_REC_2155.699_2160.199.wav,unlabelled
-9.39E-01,6.45E+00,6.18E+00,D:\PhD-data\rinyirru-unlabelled\Rinyirru_DryA_20221025T000000+1000_REC_4447.947_4452.447.wav,unlabelled
-1.60E+00,6.88E+00,5.73E+00,D:\PhD-data\rinyirru-unlabelled\Rinyirru_DryA_20221025T000000+1000_REC_5748.978_5753.478.wav,unlabelled
5.18E+00,1.03E+01,8.25E+00,D:\PhD-data\rinyirru-unlabelled\Rinyirru_DryA_20221025T020000+1000_REC_1486.124_1490.624.wav,unlabelled
4.74E+00,1.05E+01,7.06E+00,D:\PhD-data\rinyirru-unlabelled\Rinyirru_DryA_20221025T020000+1000_REC_2922.575_2927.075.wav,unlabelled
5.47E+00,1.01E+01,8.51E+00,D:\PhD-data\rinyirru-unlabelled\Rinyirru_DryA_20221025T020000+1000_REC_5463.456_5467.956.wav,unlabelled
4.79E+00,1.04E+01,7.56E+00,D:\PhD-data\rinyirru-unlabelled\Rinyirru_DryA_20221025T020000+1000_REC_6759.545_6764.045.wav,unlabelled
6.78E+00,1.03E+01,1.22E+01,D:\PhD-data\rinyirru-unlabelled\Rinyirru_DryA_20221025T040000+1000_REC_3587.782_3592.282.wav,unlabelled
6.40E+00,9.48E+00,1.03E+01,D:\PhD-data\rinyirru-unlabelled\Rinyirru_DryA_20221025T040000+1000_REC_4395.444_4399.944.wav,unlabelled
6.01E+00,9.63E+00,1.07E+01,D:\PhD-data\rinyirru-unlabelled\Rinyirru_DryA_20221025T040000+1000_REC_5944.965_5949.465.wav,unlabelled
9.18E+00,8.35E+00,1.21E+01,D:\PhD-data\rinyirru-unlabelled\Rinyirru_DryA_20221025T040000+1000_REC_6510.84_6515.34.wav,unlabelled
7.91E+00,8.12E+00,1.03E+01,D:\PhD-data\rinyirru-unlabelled\Rinyirru_DryA_20221025T060000+1000_REC_2440.553_2445.053.wav,unlabelled
5.19E+00,9.68E+00,1.12E+01,D:\PhD-data\rinyirru-unlabelled\Rinyirru_DryA_20221025T060000+1000_REC_2773.451_2777.951.wav,unlabelled
7.56E+00,9.24E+00,1.09E+01,D:\PhD-data\rinyirru-unlabelled\Rinyirru_DryA_20221025T060000+1000_REC_4113.953_4118.453.wav,unlabelled
4.05E+00,1.01E+01,1.10E+01,D:\PhD-data\rinyirru-unlabelled\Rinyirru_DryA_20221025T060000+1000_REC_5323.047_5327.547.wav,unlabelled
7.37E+00,8.89E+00,1.05E+01,D:\PhD-data\rinyirru-unlabelled\Rinyirru_DryA_20221025T080000+1000_REC_1471.461_1475.961.wav,unlabelled
8.43E+00,7.94E+00,1.00E+01,D:\PhD-data\rinyirru-unlabelled\Rinyirru_DryA_20221025T080000+1000_REC_2084.773_2089.273.wav,unlabelled
7.99E+00,8.96E+00,1.02E+01,D:\PhD-data\rinyirru-unlabelled\Rinyirru_DryA_20221025T080000+1000_REC_275.165_279.665.wav,unlabelled
9.50E+00,7.83E+00,9.38E+00,D:\PhD-data\rinyirru-unlabelled\Rinyirru_DryA_20221025T080000+1000_REC_5166.531_5171.031.wav,unlabelled
6.61E+00,1.08E+01,1.15E+01,D:\PhD-data\rinyirru-unlabelled\Rinyirru_DryA_20221025T100000+1000_REC_1132.118_1136.618.wav,unlabelled
9.29E+00,7.82E+00,9.43E+00,D:\PhD-data\rinyirru-unlabelled\Rinyirru_DryA_20221025T100000+1000_REC_1598.442_1602.942.wav,unlabelled
1.13E+01,5.77E+00,1.04E+01,D:\PhD-data\rinyirru-unlabelled\Rinyirru_DryA_20221025T100000+1000_REC_7112.694_7117.194.wav,unlabelled
9.57E+00,7.83E+00,9.36E+00,D:\PhD-data\rinyirru-unlabelled\Rinyirru_DryA_20221025T100000+1000_REC_941.566_946.066.wav,unlabelled
1.01E+01,8.24E+00,1.07E+01,D:\PhD-data\rinyirru-unlabelled\Rinyirru_DryA_20221025T120000+1000_REC_3611.711_3616.211.wav,unlabelled
1.12E+01,6.26E+00,1.08E+01,D:\PhD-data\rinyirru-unlabelled\Rinyirru_DryA_20221025T120000+1000_REC_4362.147_4366.647.wav,unlabelled
1.01E+01,8.18E+00,1.02E+01,D:\PhD-data\rinyirru-unlabelled\Rinyirru_DryA_20221025T120000+1000_REC_4401.483_4405.983.wav,unlabelled
7.65E+00,9.34E+00,9.03E+00,D:\PhD-data\rinyirru-unlabelled\Rinyirru_DryA_20221025T120000+1000_REC_5004.316_5008.816.wav,unlabelled
9.89E+00,8.26E+00,1.03E+01,D:\PhD-data\rinyirru-unlabelled\Rinyirru_DryA_20221025T140000+1000_REC_1753.412_1757.912.wav,unlabelled
9.39E+00,8.16E+00,9.64E+00,D:\PhD-data\rinyirru-unlabelled\Rinyirru_DryA_20221025T140000+1000_REC_1921.016_1925.516.wav,unlabelled
9.43E+00,8.13E+00,9.70E+00,D:\PhD-data\rinyirru-unlabelled\Rinyirru_DryA_20221025T140000+1000_REC_2040.952_2045.452.wav,unlabelled
1.01E+01,8.05E+00,1.01E+01,D:\PhD-data\rinyirru-unlabelled\Rinyirru_DryA_20221025T140000+1000_REC_2848.609_2853.109.wav,unlabelled
1.12E+01,5.96E+00,1.06E+01,D:\PhD-data\rinyirru-unlabelled\Rinyirru_DryA_20221025T160000+1000_REC_2043.272_2047.772.wav,unlabelled
1.16E+01,4.83E+00,1.09E+01,D:\PhD-data\rinyirru-unlabelled\Rinyirru_DryA_20221025T160000+1000_REC_2760.003_2764.503.wav,unlabelled
1.13E+01,5.17E+00,1.10E+01,D:\PhD-data\rinyirru-unlabelled\Rinyirru_DryA_20221025T160000+1000_REC_3161.104_3165.604.wav,unlabelled
1.11E+01,6.10E+00,1.05E+01,D:\PhD-data\rinyirru-unlabelled\Rinyirru_DryA_20221025T160000+1000_REC_5116.015_5120.515.wav,unlabelled
7.98E+00,9.15E+00,1.03E+01,D:\PhD-data\rinyirru-unlabelled\Rinyirru_DryA_20221025T180000+1000_REC_1799.624_1804.124.wav,unlabelled
9.27E+00,8.76E+00,1.09E+01,D:\PhD-data\rinyirru-unlabelled\Rinyirru_DryA_20221025T180000+1000_REC_3026.925_3031.425.wav,unlabelled
1.12E+01,6.12E+00,1.06E+01,D:\PhD-data\rinyirru-unlabelled\Rinyirru_DryA_20221025T180000+1000_REC_3586.874_3591.374.wav,unlabelled
-2.40E-01,4.47E+00,6.03E+00,D:\PhD-data\rinyirru-unlabelled\Rinyirru_DryA_20221025T180000+1000_REC_6918.536_6923.036.wav,unlabelled
-3.04E-01,4.58E+00,5.97E+00,D:\PhD-data\rinyirru-unlabelled\Rinyirru_DryA_20221025T200000+1000_REC_331.813_336.313.wav,unlabelled
-1.09E+00,6.18E+00,6.09E+00,D:\PhD-data\rinyirru-unlabelled\Rinyirru_DryA_20221025T200000+1000_REC_4395.794_4400.294.wav,unlabelled
-1.30E+00,6.18E+00,5.96E+00,D:\PhD-data\rinyirru-unlabelled\Rinyirru_DryA_20221025T200000+1000_REC_4446.952_4451.452.wav,unlabelled
-3.88E-01,4.37E+00,5.93E+00,D:\PhD-data\rinyirru-unlabelled\Rinyirru_DryA_20221025T200000+1000_REC_758.251_762.751.wav,unlabelled
-9.58E-01,6.08E+00,6.09E+00,D:\PhD-data\rinyirru-unlabelled\Rinyirru_DryA_20221025T220000+1000_REC_1720.658_1725.158.wav,unlabelled
-7.11E-01,6.33E+00,6.24E+00,D:\PhD-data\rinyirru-unlabelled\Rinyirru_DryA_20221025T220000+1000_REC_4314.355_4318.855.wav,unlabelled
6.73E+00,9.80E+00,9.50E+00,D:\PhD-data\rinyirru-unlabelled\Rinyirru_DryA_20221025T220000+1000_REC_4976.202_4980.702.wav,unlabelled
-5.02E-02,5.69E+00,6.61E+00,D:\PhD-data\rinyirru-unlabelled\Rinyirru_DryA_20221025T220000+1000_REC_5302.913_5307.413.wav,unlabelled
-1.74E+00,7.13E+00,5.86E+00,D:\PhD-data\rinyirru-unlabelled\Rinyirru_DryA_20221026T000000+1000_REC_4007.844_4012.344.wav,unlabelled
-1.64E+00,6.92E+00,5.77E+00,D:\PhD-data\rinyirru-unlabelled\Rinyirru_DryA_20221026T000000+1000_REC_4694.137_4698.637.wav,unlabelled
3.85E+00,9.98E+00,1.05E+01,D:\PhD-data\rinyirru-unlabelled\Rinyirru_DryA_20221026T000000+1000_REC_6113.573_6118.073.wav,unlabelled
-8.23E-01,6.26E+00,6.19E+00,D:\PhD-data\rinyirru-unlabelled\Rinyirru_DryA_20221026T000000+1000_REC_6177.127_6181.627.wav,unlabelled
5.22E+00,1.01E+01,8.75E+00,D:\PhD-data\rinyirru-unlabelled\Rinyirru_DryA_20221026T020000+1000_REC_2621.108_2625.608.wav,unlabelled
-1.49E+00,7.03E+00,5.83E+00,D:\PhD-data\rinyirru-unlabelled\Rinyirru_DryA_20221026T020000+1000_REC_399.173_403.673.wav,unlabelled
4.75E+00,1.04E+01,7.63E+00,D:\PhD-data\rinyirru-unlabelled\Rinyirru_DryA_20221026T020000+1000_REC_5271.887_5276.387.wav,unlabelled
-1.75E+00,7.14E+00,5.86E+00,D:\PhD-data\rinyirru-unlabelled\Rinyirru_DryA_20221026T020000+1000_REC_834.264_838.764.wav,unlabelled
5.32E+00,1.02E+01,8.33E+00,D:\PhD-data\rinyirru-unlabelled\Rinyirru_DryA_20221026T040000+1000_REC_1101.413_1105.913.wav,unlabelled
6.47E+00,8.93E+00,1.11E+01,D:\PhD-data\rinyirru-unlabelled\Rinyirru_DryA_20221026T040000+1000_REC_4331.682_4336.182.wav,unlabelled
6.68E+00,9.56E+00,1.03E+01,D:\PhD-data\rinyirru-unlabelled\Rinyirru_DryA_20221026T040000+1000_REC_6143.32_6147.82.wav,unlabelled
6.70E+00,9.79E+00,9.55E+00,D:\PhD-data\rinyirru-unlabelled\Rinyirru_DryA_20221026T040000+1000_REC_7177.244_7181.744.wav,unlabelled
7.79E+00,8.78E+00,1.03E+01,D:\PhD-data\rinyirru-unlabelled\Rinyirru_DryA_20221026T060000+1000_REC_2179.408_2183.908.wav,unlabelled
7.29E+00,9.36E+00,1.00E+01,D:\PhD-data\rinyirru-unlabelled\Rinyirru_DryA_20221026T060000+1000_REC_5241.996_5246.496.wav,unlabelled
8.16E+00,8.14E+00,1.05E+01,D:\PhD-data\rinyirru-unlabelled\Rinyirru_DryA_20221026T060000+1000_REC_6119.424_6123.924.wav,unlabelled
5.52E+00,9.93E+00,1.17E+01,D:\PhD-data\rinyirru-unlabelled\Rinyirru_DryA_20221026T060000+1000_REC_938.105_942.605.wav,unlabelled
7.55E+00,9.15E+00,9.80E+00,D:\PhD-data\rinyirru-unlabelled\Rinyirru_DryA_20221026T080000+1000_REC_1684.041_1688.541.wav,unlabelled
9.51E+00,7.83E+00,9.36E+00,D:\PhD-data\rinyirru-unlabelled\Rinyirru_DryA_20221026T080000+1000_REC_5366.231_5370.731.wav,unlabelled
9.21E+00,8.81E+00,1.03E+01,D:\PhD-data\rinyirru-unlabelled\Rinyirru_DryA_20221026T080000+1000_REC_601.422_605.922.wav,unlabelled
9.81E+00,7.63E+00,9.51E+00,D:\PhD-data\rinyirru-unlabelled\Rinyirru_DryA_20221026T080000+1000_REC_62.185_66.685.wav,unlabelled
1.00E+01,7.49E+00,9.35E+00,D:\PhD-data\rinyirru-unlabelled\Rinyirru_DryA_20221026T100000+1000_REC_2244.023_2248.523.wav,unlabelled
9.19E+00,8.18E+00,9.43E+00,D:\PhD-data\rinyirru-unlabelled\Rinyirru_DryA_20221026T100000+1000_REC_2355.227_2359.727.wav,unlabelled
1.04E+01,7.18E+00,9.45E+00,D:\PhD-data\rinyirru-unlabelled\Rinyirru_DryA_20221026T100000+1000_REC_3252.369_3256.869.wav,unlabelled
5.20E+00,1.06E+01,1.18E+01,D:\PhD-data\rinyirru-unlabelled\Rinyirru_DryA_20221026T100000+1000_REC_938.711_943.211.wav,unlabelled
5.44E+00,1.05E+01,1.20E+01,D:\PhD-data\rinyirru-unlabelled\Rinyirru_DryA_20221026T120000+1000_REC_1375.883_1380.383.wav,unlabelled
1.00E+01,8.05E+00,1.11E+01,D:\PhD-data\rinyirru-unlabelled\Rinyirru_DryA_20221026T120000+1000_REC_188.643_193.143.wav,unlabelled
1.03E+01,7.55E+00,9.80E+00,D:\PhD-data\rinyirru-unlabelled\Rinyirru_DryA_20221026T120000+1000_REC_2515.962_2520.462.wav,unlabelled
7.57E+00,9.29E+00,1.02E+01,D:\PhD-data\rinyirru-unlabelled\Rinyirru_DryA_20221026T120000+1000_REC_3288.055_3292.555.wav,unlabelled
9.97E+00,7.76E+00,9.58E+00,D:\PhD-data\rinyirru-unlabelled\Rinyirru_DryA_20221026T140000+1000_REC_1171.103_1175.603.wav,unlabelled
9.32E+00,7.99E+00,9.41E+00,D:\PhD-data\rinyirru-unlabelled\Rinyirru_DryA_20221026T140000+1000_REC_3930.068_3934.568.wav,unlabelled
1.14E+01,5.26E+00,1.06E+01,D:\PhD-data\rinyirru-unlabelled\Rinyirru_DryA_20221026T140000+1000_REC_5498.468_5502.968.wav,unlabelled
1.06E+01,7.01E+00,9.58E+00,D:\PhD-data\rinyirru-unlabelled\Rinyirru_DryA_20221026T140000+1000_REC_6513_6517.5.wav,unlabelled
1.15E+01,4.91E+00,1.08E+01,D:\PhD-data\rinyirru-unlabelled\Rinyirru_DryA_20221026T160000+1000_REC_1202.554_1207.054.wav,unlabelled
1.16E+01,4.80E+00,1.08E+01,D:\PhD-data\rinyirru-unlabelled\Rinyirru_DryA_20221026T160000+1000_REC_3371.533_3376.033.wav,unlabelled
1.15E+01,4.86E+00,1.09E+01,D:\PhD-data\rinyirru-unlabelled\Rinyirru_DryA_20221026T160000+1000_REC_5132.423_5136.923.wav,unlabelled
1.14E+01,5.06E+00,1.07E+01,D:\PhD-data\rinyirru-unlabelled\Rinyirru_DryA_20221026T160000+1000_REC_5775.95_5780.45.wav,unlabelled
6.59E+00,1.04E+01,1.22E+01,D:\PhD-data\rinyirru-unlabelled\Rinyirru_DryA_20221026T180000+1000_REC_1075.185_1079.685.wav,unlabelled
6.75E+00,9.81E+00,9.39E+00,D:\PhD-data\rinyirru-unlabelled\Rinyirru_DryA_20221026T180000+1000_REC_4780.998_4785.498.wav,unlabelled
-2.04E-01,4.61E+00,6.07E+00,D:\PhD-data\rinyirru-unlabelled\Rinyirru_DryA_20221026T180000+1000_REC_6308.844_6313.344.wav,unlabelled
-3.35E-01,4.66E+00,6.10E+00,D:\PhD-data\rinyirru-unlabelled\Rinyirru_DryA_20221026T180000+1000_REC_6927.935_6932.435.wav,unlabelled
-2.71E-01,4.48E+00,6.13E+00,D:\PhD-data\rinyirru-unlabelled\Rinyirru_DryA_20221026T200000+1000_REC_1267.495_1271.995.wav,unlabelled
-3.02E-01,4.59E+00,6.14E+00,D:\PhD-data\rinyirru-unlabelled\Rinyirru_DryA_20221026T200000+1000_REC_1491.026_1495.526.wav,unlabelled
-2.23E-01,4.42E+00,5.98E+00,D:\PhD-data\rinyirru-unlabelled\Rinyirru_DryA_20221026T200000+1000_REC_2751.908_2756.408.wav,unlabelled
-2.61E-01,4.39E+00,6.01E+00,D:\PhD-data\rinyirru-unlabelled\Rinyirru_DryA_20221026T200000+1000_REC_80.615_85.115.wav,unlabelled
-9.01E-01,5.01E+00,6.06E+00,D:\PhD-data\rinyirru-unlabelled\Rinyirru_DryA_20221026T220000+1000_REC_1810.56_1815.06.wav,unlabelled
-5.07E-01,4.49E+00,5.97E+00,D:\PhD-data\rinyirru-unlabelled\Rinyirru_DryA_20221026T220000+1000_REC_2326.679_2331.179.wav,unlabelled
-1.33E+00,6.34E+00,6.01E+00,D:\PhD-data\rinyirru-unlabelled\Rinyirru_DryA_20221026T220000+1000_REC_3882.843_3887.343.wav,unlabelled
-1.12E+00,6.22E+00,5.96E+00,D:\PhD-data\rinyirru-unlabelled\Rinyirru_DryA_20221026T220000+1000_REC_6671.417_6675.917.wav,unlabelled
-1.63E+00,6.84E+00,5.80E+00,D:\PhD-data\rinyirru-unlabelled\Rinyirru_DryA_20221027T000000+1000_REC_4948.093_4952.593.wav,unlabelled
-1.06E+00,6.47E+00,6.06E+00,D:\PhD-data\rinyirru-unlabelled\Rinyirru_DryA_20221027T000000+1000_REC_614.686_619.186.wav,unlabelled
-1.75E+00,7.14E+00,5.86E+00,D:\PhD-data\rinyirru-unlabelled\Rinyirru_DryA_20221027T000000+1000_REC_6907.399_6911.899.wav,unlabelled
-1.42E+00,6.64E+00,5.88E+00,D:\PhD-data\rinyirru-unlabelled\Rinyirru_DryA_20221027T000000+1000_REC_741.524_746.024.wav,unlabelled
-1.75E+00,7.18E+00,5.87E+00,D:\PhD-data\rinyirru-unlabelled\Rinyirru_DryA_20221027T020000+1000_REC_271.218_275.718.wav,unlabelled
4.59E+00,1.05E+01,7.12E+00,D:\PhD-data\rinyirru-unlabelled\Rinyirru_DryA_20221027T020000+1000_REC_3990.031_3994.531.wav,unlabelled
5.37E+00,1.01E+01,8.55E+00,D:\PhD-data\rinyirru-unlabelled\Rinyirru_DryA_20221027T020000+1000_REC_4092.69_4097.19.wav,unlabelled
4.57E+00,1.06E+01,7.01E+00,D:\PhD-data\rinyirru-unlabelled\Rinyirru_DryA_20221027T020000+1000_REC_6668.846_6673.346.wav,unlabelled
4.66E+00,1.05E+01,7.12E+00,D:\PhD-data\rinyirru-unlabelled\Rinyirru_DryA_20221027T040000+1000_REC_1994.49_1998.99.wav,unlabelled
6.51E+00,9.43E+00,1.05E+01,D:\PhD-data\rinyirru-unlabelled\Rinyirru_DryA_20221027T040000+1000_REC_3955.174_3959.674.wav,unlabelled
6.89E+00,9.47E+00,1.07E+01,D:\PhD-data\rinyirru-unlabelled\Rinyirru_DryA_20221027T040000+1000_REC_6424.943_6429.443.wav,unlabelled
5.00E+00,1.04E+01,7.97E+00,D:\PhD-data\rinyirru-unlabelled\Rinyirru_DryA_20221027T040000+1000_REC_661.959_666.459.wav,unlabelled
7.77E+00,8.79E+00,1.03E+01,D:\PhD-data\rinyirru-unlabelled\Rinyirru_DryA_20221027T060000+1000_REC_1702.055_1706.555.wav,unlabelled
8.07E+00,8.50E+00,1.05E+01,D:\PhD-data\rinyirru-unlabelled\Rinyirru_DryA_20221027T060000+1000_REC_5199.602_5204.102.wav,unlabelled
7.89E+00,8.67E+00,1.02E+01,D:\PhD-data\rinyirru-unlabelled\Rinyirru_DryA_20221027T060000+1000_REC_5980.719_5985.219.wav,unlabelled
8.57E+00,8.58E+00,9.80E+00,D:\PhD-data\rinyirru-unlabelled\Rinyirru_DryA_20221027T060000+1000_REC_6981.364_6985.864.wav,unlabelled
9.33E+00,7.98E+00,9.38E+00,D:\PhD-data\rinyirru-unlabelled\Rinyirru_DryA_20221027T090133+1000_REC_1412.745_1417.245.wav,unlabelled
9.87E+00,7.59E+00,9.38E+00,D:\PhD-data\rinyirru-unlabelled\Rinyirru_DryA_20221027T090133+1000_REC_1983.887_1988.387.wav,unlabelled
1.03E+01,7.31E+00,9.42E+00,D:\PhD-data\rinyirru-unlabelled\Rinyirru_DryA_20221027T090133+1000_REC_2534.481_2538.981.wav,unlabelled
1.04E+01,7.25E+00,9.49E+00,D:\PhD-data\rinyirru-unlabelled\Rinyirru_DryA_20221027T090133+1000_REC_3458.694_3463.194.wav,unlabelled
9.83E+00,8.13E+00,9.91E+00,D:\PhD-data\rinyirru-unlabelled\Rinyirru_DryA_20221027T100000+1000_REC_2959.026_2963.526.wav,unlabelled
1.03E+01,7.33E+00,9.43E+00,D:\PhD-data\rinyirru-unlabelled\Rinyirru_DryA_20221027T100000+1000_REC_472.293_476.793.wav,unlabelled
8.09E+00,9.30E+00,1.11E+01,D:\PhD-data\rinyirru-unlabelled\Rinyirru_DryA_20221027T100000+1000_REC_5352.713_5357.213.wav,unlabelled
1.02E+01,7.67E+00,1.13E+01,D:\PhD-data\rinyirru-unlabelled\Rinyirru_DryA_20221027T100000+1000_REC_6714.107_6718.607.wav,unlabelled
9.45E+00,8.70E+00,1.10E+01,D:\PhD-data\rinyirru-unlabelled\Rinyirru_DryA_20221027T120000+1000_REC_1536.353_1540.853.wav,unlabelled
1.11E+01,6.35E+00,1.08E+01,D:\PhD-data\rinyirru-unlabelled\Rinyirru_DryA_20221027T120000+1000_REC_2117.276_2121.776.wav,unlabelled
9.17E+00,8.76E+00,1.06E+01,D:\PhD-data\rinyirru-unlabelled\Rinyirru_DryA_20221027T120000+1000_REC_3255.893_3260.393.wav,unlabelled
5.26E+00,1.07E+01,1.19E+01,D:\PhD-data\rinyirru-unlabelled\Rinyirru_DryA_20221027T120000+1000_REC_6543.387_6547.887.wav,unlabelled
1.11E+01,6.27E+00,1.07E+01,D:\PhD-data\rinyirru-unlabelled\Rinyirru_DryA_20221027T140000+1000_REC_2007.923_2012.423.wav,unlabelled
9.84E+00,8.19E+00,1.12E+01,D:\PhD-data\rinyirru-unlabelled\Rinyirru_DryA_20221027T140000+1000_REC_6013.422_6017.922.wav,unlabelled
1.09E+01,6.46E+00,1.09E+01,D:\PhD-data\rinyirru-unlabelled\Rinyirru_DryA_20221027T140000+1000_REC_6084.845_6089.345.wav,unlabelled
1.12E+01,5.76E+00,1.08E+01,D:\PhD-data\rinyirru-unlabelled\Rinyirru_DryA_20221027T140000+1000_REC_6743.451_6747.951.wav,unlabelled
9.15E+00,8.63E+00,9.96E+00,D:\PhD-data\rinyirru-unlabelled\Rinyirru_DryA_20221027T160000+1000_REC_1826.413_1830.913.wav,unlabelled
5.73E+00,1.08E+01,1.18E+01,D:\PhD-data\rinyirru-unlabelled\Rinyirru_DryA_20221027T160000+1000_REC_3293.474_3297.974.wav,unlabelled
6.59E+00,1.07E+01,1.16E+01,D:\PhD-data\rinyirru-unlabelled\Rinyirru_DryA_20221027T160000+1000_REC_4279.863_4284.363.wav,unlabelled
5.30E+00,1.07E+01,1.18E+01,D:\PhD-data\rinyirru-unlabelled\Rinyirru_DryA_20221027T160000+1000_REC_6812.378_6816.878.wav,unlabelled
9.18E+00,8.45E+00,9.81E+00,D:\PhD-data\rinyirru-unlabelled\Rinyirru_DryA_20221027T180000+1000_REC_1614.015_1618.515.wav,unlabelled
8.09E+00,8.37E+00,1.06E+01,D:\PhD-data\rinyirru-unlabelled\Rinyirru_DryA_20221027T180000+1000_REC_2234.88_2239.38.wav,unlabelled
5.28E+00,1.07E+01,1.19E+01,D:\PhD-data\rinyirru-unlabelled\Rinyirru_DryA_20221027T180000+1000_REC_237.158_241.658.wav,unlabelled
7.59E+00,9.39E+00,8.99E+00,D:\PhD-data\rinyirru-unlabelled\Rinyirru_DryA_20221027T180000+1000_REC_4114.386_4118.886.wav,unlabelled
-1.04E+00,5.58E+00,5.90E+00,D:\PhD-data\rinyirru-unlabelled\Rinyirru_DryA_20221027T200000+1000_REC_5207.458_5211.958.wav,unlabelled
-5.47E-01,5.15E+00,6.33E+00,D:\PhD-data\rinyirru-unlabelled\Rinyirru_DryA_20221027T200000+1000_REC_5545.336_5549.836.wav,unlabelled
-1.03E+00,5.66E+00,5.87E+00,D:\PhD-data\rinyirru-unlabelled\Rinyirru_DryA_20221027T200000+1000_REC_6687.54_6692.04.wav,unlabelled
-8.46E-01,5.01E+00,6.09E+00,D:\PhD-data\rinyirru-unlabelled\Rinyirru_DryA_20221027T200000+1000_REC_999.287_1003.787.wav,unlabelled
-5.98E-01,5.60E+00,6.38E+00,D:\PhD-data\rinyirru-unlabelled\Rinyirru_DryA_20221027T220000+1000_REC_181.783_186.283.wav,unlabelled
-6.33E-01,5.51E+00,6.35E+00,D:\PhD-data\rinyirru-unlabelled\Rinyirru_DryA_20221027T220000+1000_REC_3271.643_3276.143.wav,unlabelled
-5.56E-01,5.43E+00,6.18E+00,D:\PhD-data\rinyirru-unlabelled\Rinyirru_DryA_20221027T220000+1000_REC_4799.215_4803.715.wav,unlabelled
-2.11E-01,4.83E+00,6.13E+00,D:\PhD-data\rinyirru-unlabelled\Rinyirru_DryA_20221027T220000+1000_REC_5682.851_5687.351.wav,unlabelled
-5.33E-01,5.64E+00,6.29E+00,D:\PhD-data\rinyirru-unlabelled\Rinyirru_DryA_20221028T000000+1000_REC_2489.775_2494.275.wav,unlabelled
-7.41E-01,5.93E+00,6.25E+00,D:\PhD-data\rinyirru-unlabelled\Rinyirru_DryA_20221028T000000+1000_REC_3413.253_3417.753.wav,unlabelled
-1.56E+00,6.86E+00,5.77E+00,D:\PhD-data\rinyirru-unlabelled\Rinyirru_DryA_20221028T000000+1000_REC_5358.482_5362.982.wav,unlabelled
-1.50E+00,6.79E+00,5.81E+00,D:\PhD-data\rinyirru-unlabelled\Rinyirru_DryA_20221028T000000+1000_REC_5383.814_5388.314.wav,unlabelled
-1.62E+00,6.88E+00,5.76E+00,D:\PhD-data\rinyirru-unlabelled\Rinyirru_DryA_20221028T020000+1000_REC_2065.668_2070.168.wav,unlabelled
4.61E+00,1.05E+01,7.02E+00,D:\PhD-data\rinyirru-unlabelled\Rinyirru_DryA_20221028T020000+1000_REC_3448.909_3453.409.wav,unlabelled
-1.61E+00,6.98E+00,5.71E+00,D:\PhD-data\rinyirru-unlabelled\Rinyirru_DryA_20221028T020000+1000_REC_541.42_545.92.wav,unlabelled
4.66E+00,1.05E+01,7.18E+00,D:\PhD-data\rinyirru-unlabelled\Rinyirru_DryA_20221028T020000+1000_REC_6472.999_6477.499.wav,unlabelled
4.66E+00,1.05E+01,7.21E+00,D:\PhD-data\rinyirru-unlabelled\Rinyirru_DryA_20221028T040000+1000_REC_2722.285_2726.785.wav,unlabelled
4.83E+00,1.05E+01,7.56E+00,D:\PhD-data\rinyirru-unlabelled\Rinyirru_DryA_20221028T040000+1000_REC_3211.921_3216.421.wav,unlabelled
6.81E+00,9.63E+00,9.57E+00,D:\PhD-data\rinyirru-unlabelled\Rinyirru_DryA_20221028T040000+1000_REC_3402.156_3406.656.wav,unlabelled
5.46E+00,9.71E+00,1.14E+01,D:\PhD-data\rinyirru-unlabelled\Rinyirru_DryA_20221028T040000+1000_REC_6909.851_6914.351.wav,unlabelled
4.37E+00,9.94E+00,1.10E+01,D:\PhD-data\rinyirru-unlabelled\Rinyirru_DryA_20221028T060000+1000_REC_1494.575_1499.075.wav,unlabelled
7.83E+00,8.21E+00,1.04E+01,D:\PhD-data\rinyirru-unlabelled\Rinyirru_DryA_20221028T060000+1000_REC_2216.79_2221.29.wav,unlabelled
6.64E+00,1.07E+01,1.16E+01,D:\PhD-data\rinyirru-unlabelled\Rinyirru_DryA_20221028T060000+1000_REC_4572.957_4577.457.wav,unlabelled
4.39E+00,9.91E+00,1.10E+01,D:\PhD-data\rinyirru-unlabelled\Rinyirru_DryA_20221028T060000+1000_REC_944.073_948.573.wav,unlabelled
1.04E+01,7.23E+00,9.48E+00,D:\PhD-data\rinyirru-unlabelled\Rinyirru_DryA_20221028T090150+1000_REC_1505.303_1509.803.wav,unlabelled
9.66E+00,7.62E+00,9.31E+00,D:\PhD-data\rinyirru-unlabelled\Rinyirru_DryA_20221028T090150+1000_REC_3157.65_3162.15.wav,unlabelled
7.73E+00,9.22E+00,9.90E+00,D:\PhD-data\rinyirru-unlabelled\Rinyirru_DryA_20221028T090150+1000_REC_3421.665_3426.165.wav,unlabelled
1.03E+01,7.23E+00,9.54E+00,D:\PhD-data\rinyirru-unlabelled\Rinyirru_DryA_20221028T090150+1000_REC_758.781_763.281.wav,unlabelled
1.11E+01,6.19E+00,1.03E+01,D:\PhD-data\rinyirru-unlabelled\Rinyirru_DryA_20221028T100000+1000_REC_4686.5_4691.wav,unlabelled
1.14E+01,5.39E+00,1.06E+01,D:\PhD-data\rinyirru-unlabelled\Rinyirru_DryA_20221028T100000+1000_REC_5003.121_5007.621.wav,unlabelled
5.24E+00,1.06E+01,1.19E+01,D:\PhD-data\rinyirru-unlabelled\Rinyirru_DryA_20221028T100000+1000_REC_6703.035_6707.535.wav,unlabelled
6.09E+00,9.84E+00,1.18E+01,D:\PhD-data\rinyirru-unlabelled\Rinyirru_DryA_20221028T100000+1000_REC_6867.616_6872.116.wav,unlabelled
1.13E+01,5.26E+00,1.09E+01,D:\PhD-data\rinyirru-unlabelled\Rinyirru_DryA_20221028T120000+1000_REC_1330.613_1335.113.wav,unlabelled
7.09E+00,9.56E+00,1.06E+01,D:\PhD-data\rinyirru-unlabelled\Rinyirru_DryA_20221028T120000+1000_REC_2542.593_2547.093.wav,unlabelled
9.83E+00,8.46E+00,1.10E+01,D:\PhD-data\rinyirru-unlabelled\Rinyirru_DryA_20221028T120000+1000_REC_3471.977_3476.477.wav,unlabelled
6.64E+00,1.07E+01,1.16E+01,D:\PhD-data\rinyirru-unlabelled\Rinyirru_DryA_20221028T120000+1000_REC_6809.24_6813.74.wav,unlabelled
1.13E+01,5.18E+00,1.13E+01,D:\PhD-data\rinyirru-unlabelled\Rinyirru_DryA_20221028T140000+1000_REC_1951.999_1956.499.wav,unlabelled
1.03E+01,7.58E+00,1.12E+01,D:\PhD-data\rinyirru-unlabelled\Rinyirru_DryA_20221028T140000+1000_REC_4498.661_4503.161.wav,unlabelled
9.46E+00,8.66E+00,1.09E+01,D:\PhD-data\rinyirru-unlabelled\Rinyirru_DryA_20221028T140000+1000_REC_4896.944_4901.444.wav,unlabelled
1.13E+01,5.47E+00,1.07E+01,D:\PhD-data\rinyirru-unlabelled\Rinyirru_DryA_20221028T140000+1000_REC_5116.716_5121.216.wav,unlabelled
1.16E+01,4.85E+00,1.08E+01,D:\PhD-data\rinyirru-unlabelled\Rinyirru_DryA_20221028T160000+1000_REC_2166.547_2171.047.wav,unlabelled
1.06E+01,6.91E+00,9.64E+00,D:\PhD-data\rinyirru-unlabelled\Rinyirru_DryA_20221028T160000+1000_REC_2322.151_2326.651.wav,unlabelled
9.39E+00,7.89E+00,9.42E+00,D:\PhD-data\rinyirru-unlabelled\Rinyirru_DryA_20221028T160000+1000_REC_6920.4_6924.9.wav,unlabelled
1.01E+01,8.11E+00,1.01E+01,D:\PhD-data\rinyirru-unlabelled\Rinyirru_DryA_20221028T160000+1000_REC_7.878_12.378.wav,unlabelled
1.12E+01,5.48E+00,1.08E+01,D:\PhD-data\rinyirru-unlabelled\Rinyirru_DryA_20221028T180000+1000_REC_2123.817_2128.317.wav,unlabelled
9.26E+00,7.80E+00,9.50E+00,D:\PhD-data\rinyirru-unlabelled\Rinyirru_DryA_20221028T180000+1000_REC_305.953_310.453.wav,unlabelled
5.78E+00,1.01E+01,1.20E+01,D:\PhD-data\rinyirru-unlabelled\Rinyirru_DryA_20221028T180000+1000_REC_367.355_371.855.wav,unlabelled
1.14E+01,5.08E+00,1.12E+01,D:\PhD-data\rinyirru-unlabelled\Rinyirru_DryA_20221028T180000+1000_REC_3978.595_3983.095.wav,unlabelled
-2.65E-01,4.41E+00,6.07E+00,D:\PhD-data\rinyirru-unlabelled\Rinyirru_DryA_20221028T200000+1000_REC_1202.234_1206.734.wav,unlabelled
-6.72E-01,4.57E+00,5.92E+00,D:\PhD-data\rinyirru-unlabelled\Rinyirru_DryA_20221028T200000+1000_REC_4155.645_4160.145.wav,unlabelled
-2.43E-01,4.50E+00,6.05E+00,D:\PhD-data\rinyirru-unlabelled\Rinyirru_DryA_20221028T200000+1000_REC_6386.129_6390.629.wav,unlabelled
-3.00E-01,4.42E+00,5.99E+00,D:\PhD-data\rinyirru-unlabelled\Rinyirru_DryA_20221028T200000+1000_REC_6699.228_6703.728.wav,unlabelled
-3.70E-01,4.64E+00,6.15E+00,D:\PhD-data\rinyirru-unlabelled\Rinyirru_DryA_20221028T220000+1000_REC_22.351_26.851.wav,unlabelled
-6.57E-01,5.18E+00,6.32E+00,D:\PhD-data\rinyirru-unlabelled\Rinyirru_DryA_20221028T220000+1000_REC_4321.191_4325.691.wav,unlabelled
-7.27E-01,5.07E+00,6.19E+00,D:\PhD-data\rinyirru-unlabelled\Rinyirru_DryA_20221028T220000+1000_REC_6107.262_6111.762.wav,unlabelled
-7.56E-01,4.71E+00,5.98E+00,D:\PhD-data\rinyirru-unlabelled\Rinyirru_DryA_20221028T220000+1000_REC_6703.043_6707.543.wav,unlabelled
-1.41E+00,6.44E+00,5.89E+00,D:\PhD-data\rinyirru-unlabelled\Rinyirru_DryA_20221029T000000+1000_REC_1317.429_1321.929.wav,unlabelled
-8.27E-01,5.37E+00,6.13E+00,D:\PhD-data\rinyirru-unlabelled\Rinyirru_DryA_20221029T000000+1000_REC_2262.851_2267.351.wav,unlabelled
-5.43E-01,5.50E+00,6.42E+00,D:\PhD-data\rinyirru-unlabelled\Rinyirru_DryA_20221029T000000+1000_REC_4616.531_4621.031.wav,unlabelled
-1.42E+00,6.43E+00,5.88E+00,D:\PhD-data\rinyirru-unlabelled\Rinyirru_DryA_20221029T000000+1000_REC_4826.096_4830.596.wav,unlabelled
3.86E+00,9.98E+00,1.06E+01,D:\PhD-data\rinyirru-unlabelled\Rinyirru_DryA_20221029T020000+1000_REC_1006.212_1010.712.wav,unlabelled
-1.17E+00,6.17E+00,5.95E+00,D:\PhD-data\rinyirru-unlabelled\Rinyirru_DryA_20221029T020000+1000_REC_2414.062_2418.562.wav,unlabelled
-1.63E+00,6.83E+00,5.83E+00,D:\PhD-data\rinyirru-unlabelled\Rinyirru_DryA_20221029T020000+1000_REC_2920.651_2925.151.wav,unlabelled
4.70E+00,1.04E+01,7.37E+00,D:\PhD-data\rinyirru-unlabelled\Rinyirru_DryA_20221029T020000+1000_REC_6615.807_6620.307.wav,unlabelled
4.68E+00,1.06E+01,7.33E+00,D:\PhD-data\rinyirru-unlabelled\Rinyirru_DryA_20221029T040000+1000_REC_3116.817_3121.317.wav,unlabelled
6.65E+00,9.26E+00,1.07E+01,D:\PhD-data\rinyirru-unlabelled\Rinyirru_DryA_20221029T040000+1000_REC_3908.853_3913.353.wav,unlabelled
6.61E+00,9.28E+00,1.07E+01,D:\PhD-data\rinyirru-unlabelled\Rinyirru_DryA_20221029T040000+1000_REC_5125.624_5130.124.wav,unlabelled
8.23E+00,8.43E+00,1.05E+01,D:\PhD-data\rinyirru-unlabelled\Rinyirru_DryA_20221029T040000+1000_REC_6613.691_6618.191.wav,unlabelled
7.84E+00,8.49E+00,1.04E+01,D:\PhD-data\rinyirru-unlabelled\Rinyirru_DryA_20221029T060000+1000_REC_1810.404_1814.904.wav,unlabelled
7.89E+00,8.21E+00,1.03E+01,D:\PhD-data\rinyirru-unlabelled\Rinyirru_DryA_20221029T060000+1000_REC_2080.104_2084.604.wav,unlabelled
7.28E+00,8.62E+00,1.08E+01,D:\PhD-data\rinyirru-unlabelled\Rinyirru_DryA_20221029T060000+1000_REC_4051.67_4056.17.wav,unlabelled
8.28E+00,8.04E+00,1.02E+01,D:\PhD-data\rinyirru-unlabelled\Rinyirru_DryA_20221029T060000+1000_REC_5127.531_5132.031.wav,unlabelled
7.93E+00,9.23E+00,1.04E+01,D:\PhD-data\rinyirru-unlabelled\Rinyirru_DryA_20221029T080000+1000_REC_5229.914_5234.414.wav,unlabelled
1.13E+01,5.55E+00,1.05E+01,D:\PhD-data\rinyirru-unlabelled\Rinyirru_DryA_20221029T080000+1000_REC_6594.679_6599.179.wav,unlabelled
1.12E+01,5.81E+00,1.06E+01,D:\PhD-data\rinyirru-unlabelled\Rinyirru_DryA_20221029T080000+1000_REC_6647.435_6651.935.wav,unlabelled
8.69E+00,8.51E+00,9.70E+00,D:\PhD-data\rinyirru-unlabelled\Rinyirru_DryA_20221029T080000+1000_REC_917.747_922.247.wav,unlabelled
5.81E+00,1.02E+01,1.21E+01,D:\PhD-data\rinyirru-unlabelled\Rinyirru_DryA_20221029T100000+1000_REC_1093.026_1097.526.wav,unlabelled
9.24E+00,8.66E+00,1.06E+01,D:\PhD-data\rinyirru-unlabelled\Rinyirru_DryA_20221029T100000+1000_REC_1553.026_1557.526.wav,unlabelled
5.82E+00,1.03E+01,1.22E+01,D:\PhD-data\rinyirru-unlabelled\Rinyirru_DryA_20221029T100000+1000_REC_2247.351_2251.851.wav,unlabelled
5.19E+00,1.07E+01,1.18E+01,D:\PhD-data\rinyirru-unlabelled\Rinyirru_DryA_20221029T100000+1000_REC_686.933_691.433.wav,unlabelled
9.99E+00,8.36E+00,1.10E+01,D:\PhD-data\rinyirru-unlabelled\Rinyirru_DryA_20221029T120000+1000_REC_1851.391_1855.891.wav,unlabelled
1.13E+01,5.30E+00,1.12E+01,D:\PhD-data\rinyirru-unlabelled\Rinyirru_DryA_20221029T120000+1000_REC_3036.971_3041.471.wav,unlabelled
9.72E+00,8.54E+00,1.09E+01,D:\PhD-data\rinyirru-unlabelled\Rinyirru_DryA_20221029T120000+1000_REC_3928.088_3932.588.wav,unlabelled
6.70E+00,9.84E+00,1.20E+01,D:\PhD-data\rinyirru-unlabelled\Rinyirru_DryA_20221029T120000+1000_REC_4395.256_4399.756.wav,unlabelled
1.04E+01,7.20E+00,9.53E+00,D:\PhD-data\rinyirru-unlabelled\Rinyirru_DryA_20221029T140000+1000_REC_3237.619_3242.119.wav,unlabelled
9.69E+00,7.87E+00,9.40E+00,D:\PhD-data\rinyirru-unlabelled\Rinyirru_DryA_20221029T140000+1000_REC_5627.377_5631.877.wav,unlabelled
5.59E+00,1.08E+01,1.18E+01,D:\PhD-data\rinyirru-unlabelled\Rinyirru_DryA_20221029T140000+1000_REC_6721.207_6725.707.wav,unlabelled
1.03E+01,7.51E+00,9.92E+00,D:\PhD-data\rinyirru-unlabelled\Rinyirru_DryA_20221029T140000+1000_REC_708.939_713.439.wav,unlabelled
5.64E+00,1.08E+01,1.18E+01,D:\PhD-data\rinyirru-unlabelled\Rinyirru_DryA_20221029T160000+1000_REC_1776.395_1780.895.wav,unlabelled
6.63E+00,1.07E+01,1.16E+01,D:\PhD-data\rinyirru-unlabelled\Rinyirru_DryA_20221029T160000+1000_REC_4368.952_4373.452.wav,unlabelled
9.06E+00,8.79E+00,1.04E+01,D:\PhD-data\rinyirru-unlabelled\Rinyirru_DryA_20221029T160000+1000_REC_6335.206_6339.706.wav,unlabelled
8.31E+00,8.04E+00,1.02E+01,D:\PhD-data\rinyirru-unlabelled\Rinyirru_DryA_20221029T160000+1000_REC_6881.023_6885.523.wav,unlabelled
9.29E+00,7.27E+00,1.05E+01,D:\PhD-data\rinyirru-unlabelled\Rinyirru_DryA_20221029T180000+1000_REC_239.487_243.987.wav,unlabelled
8.17E+00,8.00E+00,1.01E+01,D:\PhD-data\rinyirru-unlabelled\Rinyirru_DryA_20221029T180000+1000_REC_2488.989_2493.489.wav,unlabelled
8.26E+00,8.02E+00,1.01E+01,D:\PhD-data\rinyirru-unlabelled\Rinyirru_DryA_20221029T180000+1000_REC_2851.006_2855.506.wav,unlabelled
6.90E+00,8.84E+00,1.11E+01,D:\PhD-data\rinyirru-unlabelled\Rinyirru_DryA_20221029T180000+1000_REC_3290.055_3294.555.wav,unlabelled
-8.84E-01,4.99E+00,5.97E+00,D:\PhD-data\rinyirru-unlabelled\Rinyirru_DryA_20221029T200000+1000_REC_3987.887_3992.387.wav,unlabelled
-2.18E-01,4.56E+00,6.02E+00,D:\PhD-data\rinyirru-unlabelled\Rinyirru_DryA_20221029T200000+1000_REC_466.754_471.254.wav,unlabelled
-9.07E-01,5.02E+00,6.05E+00,D:\PhD-data\rinyirru-unlabelled\Rinyirru_DryA_20221029T200000+1000_REC_6215.286_6219.786.wav,unlabelled
-7.92E-01,5.92E+00,6.29E+00,D:\PhD-data\rinyirru-unlabelled\Rinyirru_DryA_20221029T200000+1000_REC_6822.841_6827.341.wav,unlabelled
-1.18E+00,5.89E+00,5.86E+00,D:\PhD-data\rinyirru-unlabelled\Rinyirru_DryA_20221029T220000+1000_REC_2745.599_2750.099.wav,unlabelled
-1.07E+00,5.64E+00,5.82E+00,D:\PhD-data\rinyirru-unlabelled\Rinyirru_DryA_20221029T220000+1000_REC_4693.114_4697.614.wav,unlabelled
-9.86E-01,5.68E+00,5.90E+00,D:\PhD-data\rinyirru-unlabelled\Rinyirru_DryA_20221029T220000+1000_REC_5334.844_5339.344.wav,unlabelled
-9.43E-01,5.28E+00,6.00E+00,D:\PhD-data\rinyirru-unlabelled\Rinyirru_DryA_20221029T220000+1000_REC_5557.236_5561.736.wav,unlabelled
-1.08E+00,6.23E+00,6.07E+00,D:\PhD-data\rinyirru-unlabelled\Rinyirru_DryA_20221030T000000+1000_REC_1997.071_2001.571.wav,unlabelled
-1.25E+00,6.09E+00,5.87E+00,D:\PhD-data\rinyirru-unlabelled\Rinyirru_DryA_20221030T000000+1000_REC_2495.107_2499.607.wav,unlabelled
-1.65E+00,6.83E+00,5.83E+00,D:\PhD-data\rinyirru-unlabelled\Rinyirru_DryA_20221030T000000+1000_REC_3393.82_3398.32.wav,unlabelled
5.61E+00,1.01E+01,8.44E+00,D:\PhD-data\rinyirru-unlabelled\Rinyirru_DryA_20221030T000000+1000_REC_7050_7054.5.wav,unlabelled
5.43E+00,1.01E+01,8.32E+00,D:\PhD-data\rinyirru-unlabelled\Rinyirru_DryA_20221030T020000+1000_REC_3376.368_3380.868.wav,unlabelled
5.15E+00,1.01E+01,8.73E+00,D:\PhD-data\rinyirru-unlabelled\Rinyirru_DryA_20221030T020000+1000_REC_5506.487_5510.987.wav,unlabelled
4.85E+00,1.03E+01,7.75E+00,D:\PhD-data\rinyirru-unlabelled\Rinyirru_DryA_20221030T020000+1000_REC_5729.239_5733.739.wav,unlabelled
4.74E+00,1.04E+01,7.50E+00,D:\PhD-data\rinyirru-unlabelled\Rinyirru_DryA_20221030T020000+1000_REC_6827.916_6832.416.wav,unlabelled
6.47E+00,9.30E+00,1.07E+01,D:\PhD-data\rinyirru-unlabelled\Rinyirru_DryA_20221030T040000+1000_REC_4333.562_4338.062.wav,unlabelled
4.99E+00,9.82E+00,1.13E+01,D:\PhD-data\rinyirru-unlabelled\Rinyirru_DryA_20221030T040000+1000_REC_5337.604_5342.104.wav,unlabelled
7.94E+00,8.11E+00,1.03E+01,D:\PhD-data\rinyirru-unlabelled\Rinyirru_DryA_20221030T040000+1000_REC_5928.199_5932.699.wav,unlabelled
8.17E+00,8.23E+00,1.05E+01,D:\PhD-data\rinyirru-unlabelled\Rinyirru_DryA_20221030T040000+1000_REC_6679.984_6684.484.wav,unlabelled
9.31E+00,7.30E+00,1.07E+01,D:\PhD-data\rinyirru-unlabelled\Rinyirru_DryA_20221030T060000+1000_REC_3401.213_3405.713.wav,unlabelled
8.31E+00,8.16E+00,1.05E+01,D:\PhD-data\rinyirru-unlabelled\Rinyirru_DryA_20221030T060000+1000_REC_3985.86_3990.36.wav,unlabelled
8.30E+00,8.48E+00,1.01E+01,D:\PhD-data\rinyirru-unlabelled\Rinyirru_DryA_20221030T060000+1000_REC_6505.502_6510.002.wav,unlabelled
7.85E+00,8.11E+00,1.03E+01,D:\PhD-data\rinyirru-unlabelled\Rinyirru_DryA_20221030T060000+1000_REC_866.897_871.397.wav,unlabelled
1.00E+01,8.20E+00,1.01E+01,D:\PhD-data\rinyirru-unlabelled\Rinyirru_DryA_20221030T080000+1000_REC_1395.479_1399.979.wav,unlabelled
1.04E+01,7.17E+00,9.50E+00,D:\PhD-data\rinyirru-unlabelled\Rinyirru_DryA_20221030T080000+1000_REC_2538.991_2543.491.wav,unlabelled
5.81E+00,1.02E+01,1.20E+01,D:\PhD-data\rinyirru-unlabelled\Rinyirru_DryA_20221030T080000+1000_REC_3818.581_3823.081.wav,unlabelled
5.46E+00,1.04E+01,1.19E+01,D:\PhD-data\rinyirru-unlabelled\Rinyirru_DryA_20221030T080000+1000_REC_490.879_495.379.wav,unlabelled
7.62E+00,9.26E+00,1.01E+01,D:\PhD-data\rinyirru-unlabelled\Rinyirru_DryA_20221030T100000+1000_REC_1980.776_1985.276.wav,unlabelled
1.00E+01,8.18E+00,1.02E+01,D:\PhD-data\rinyirru-unlabelled\Rinyirru_DryA_20221030T100000+1000_REC_3795.293_3799.793.wav,unlabelled
5.25E+00,1.07E+01,1.19E+01,D:\PhD-data\rinyirru-unlabelled\Rinyirru_DryA_20221030T100000+1000_REC_5438.74_5443.24.wav,unlabelled
7.94E+00,9.15E+00,1.02E+01,D:\PhD-data\rinyirru-unlabelled\Rinyirru_DryA_20221030T100000+1000_REC_6287.268_6291.768.wav,unlabelled
1.13E+01,5.56E+00,1.06E+01,D:\PhD-data\rinyirru-unlabelled\Rinyirru_DryA_20221030T120000+1000_REC_1842.063_1846.563.wav,unlabelled
1.04E+01,7.41E+00,1.13E+01,D:\PhD-data\rinyirru-unlabelled\Rinyirru_DryA_20221030T120000+1000_REC_2902.578_2907.078.wav,unlabelled
1.01E+01,8.17E+00,1.07E+01,D:\PhD-data\rinyirru-unlabelled\Rinyirru_DryA_20221030T120000+1000_REC_5045.24_5049.74.wav,unlabelled
9.91E+00,8.34E+00,1.10E+01,D:\PhD-data\rinyirru-unlabelled\Rinyirru_DryA_20221030T120000+1000_REC_5279.165_5283.665.wav,unlabelled
1.11E+01,6.19E+00,1.07E+01,D:\PhD-data\rinyirru-unlabelled\Rinyirru_DryA_20221030T140000+1000_REC_3229.002_3233.502.wav,unlabelled
1.12E+01,5.73E+00,1.06E+01,D:\PhD-data\rinyirru-unlabelled\Rinyirru_DryA_20221030T140000+1000_REC_3918.763_3923.263.wav,unlabelled
1.12E+01,6.04E+00,1.06E+01,D:\PhD-data\rinyirru-unlabelled\Rinyirru_DryA_20221030T140000+1000_REC_5954.849_5959.349.wav,unlabelled
1.14E+01,5.13E+00,1.07E+01,D:\PhD-data\rinyirru-unlabelled\Rinyirru_DryA_20221030T140000+1000_REC_6653.16_6657.66.wav,unlabelled
